"Date","Price","Open","High","Low","Change %"
"09/26/2025","87.67","87.67","87.67","87.67","1.40%"
"09/17/2025","86.46","86.46","86.46","86.46","0.00%"
"09/16/2025","86.46","86.46","86.46","86.46","-0.01%"
"09/15/2025","86.47","86.46","86.47","86.46","0.01%"
"09/12/2025","86.46","86.46","86.46","86.46","0.00%"
"09/11/2025","86.46","86.46","86.46","86.46","0.00%"
"09/10/2025","86.46","86.46","86.46","86.46","0.00%"
"09/09/2025","86.46","86.46","86.46","86.46","-0.02%"
"09/08/2025","86.47","86.47","86.47","86.47","0.01%"
"09/05/2025","86.46","86.46","86.46","86.46","-0.01%"
"09/04/2025","86.47","86.47","86.47","86.47","0.01%"
"09/03/2025","86.46","86.46","86.46","86.46","0.01%"
"09/02/2025","86.45","86.45","86.45","86.45","-0.02%"
"09/01/2025","86.46","86.46","86.46","86.46","0.00%"
"08/29/2025","86.46","86.46","86.46","86.46","2.83%"
"07/19/2024","84.08","84.08","84.08","84.08","0.00%"
"07/18/2024","84.08","84.08","84.08","84.08","0.00%"
"07/17/2024","84.08","84.08","84.08","84.08","-0.04%"
"07/16/2024","84.11","84.11","84.11","84.09","0.02%"
"07/15/2024","84.09","84.09","84.09","84.09","0.00%"
"07/12/2024","84.09","84.09","84.09","84.09","0.00%"
"07/11/2024","84.09","84.09","84.13","84.09","0.00%"
"07/10/2024","84.09","84.09","84.10","84.09","0.00%"
"07/09/2024","84.09","84.09","84.09","84.09","0.01%"
"07/08/2024","84.08","84.08","84.09","84.08","-0.02%"
"07/05/2024","84.10","84.10","84.10","84.10","0.01%"
"07/04/2024","84.09","84.09","84.09","84.09","0.00%"
"07/03/2024","84.09","84.09","84.09","84.09","-0.01%"
"07/02/2024","84.10","84.10","84.11","84.10","0.01%"
"07/01/2024","84.09","84.09","84.09","84.08","0.00%"
"06/28/2024","84.09","84.09","84.09","84.09","0.00%"
"06/27/2024","84.09","84.09","84.10","84.09","0.01%"
"06/26/2024","84.08","84.08","84.08","84.08","-0.01%"
"06/25/2024","84.09","84.09","84.09","84.09","0.00%"
"06/24/2024","84.09","84.09","84.09","84.09","-0.01%"
"06/21/2024","84.10","84.10","84.11","84.10","0.02%"
"06/20/2024","84.08","84.08","84.08","84.08","-0.01%"
"06/19/2024","84.09","84.09","84.09","84.09","0.00%"
"06/18/2024","84.09","84.09","84.10","84.09","0.00%"
"06/17/2024","84.09","84.09","84.09","84.09","0.11%"
"06/14/2024","84.00","84.00","84.12","84.00","-5.36%"
"06/13/2024","88.76","88.76","88.76","84.10","5.55%"
"06/12/2024","84.09","84.09","84.09","84.09","-0.02%"
"06/11/2024","84.11","84.11","84.11","84.11","0.02%"
"06/10/2024","84.09","84.09","84.09","84.09","0.00%"
"06/07/2024","84.09","84.09","84.09","84.09","0.00%"
"06/06/2024","84.09","84.09","84.09","84.09","0.00%"
"06/05/2024","84.09","84.09","84.09","84.09","-0.01%"
"06/04/2024","84.10","84.10","84.10","84.10","0.00%"
"06/03/2024","84.10","84.10","84.10","84.10","-5.37%"
"05/31/2024","88.87","88.87","88.87","84.09","-0.01%"
"05/30/2024","88.88","88.88","88.88","84.10","5.70%"
"05/29/2024","84.09","84.09","84.09","84.09","-0.01%"
"05/28/2024","84.10","84.10","84.10","84.10","0.00%"
"05/27/2024","84.10","84.10","84.10","84.10","0.00%"
"05/24/2024","84.10","84.10","84.10","84.09","0.00%"
"05/23/2024","84.10","84.10","84.10","84.10","0.01%"
"05/22/2024","84.09","84.09","84.09","84.08","-0.71%"
"05/21/2024","84.69","84.69","84.69","84.11","0.70%"
"05/20/2024","84.10","84.10","84.10","84.09","0.00%"
"05/17/2024","84.10","84.10","84.10","84.10","0.00%"
"05/16/2024","84.10","84.10","84.10","84.09","21.57%"
"05/15/2024","69.18","69.18","84.14","69.18","-17.75%"
"05/14/2024","84.11","84.11","84.11","84.11","0.00%"
"05/13/2024","84.11","84.11","84.11","84.11","0.00%"
"05/10/2024","84.11","84.11","84.11","84.10","0.01%"
"05/09/2024","84.10","84.10","84.10","84.10","0.00%"
"05/08/2024","84.10","84.10","84.10","84.09","-0.01%"
"05/07/2024","84.11","84.11","84.11","84.11","-0.01%"
"05/06/2024","84.12","84.12","84.12","84.12","-0.04%"
"05/03/2024","84.15","84.11","84.15","84.11","0.05%"
"05/02/2024","84.11","84.11","84.12","84.11","0.00%"
"05/01/2024","84.11","84.11","84.11","84.11","0.01%"
"04/30/2024","84.10","84.10","84.10","84.10","-0.01%"
"04/29/2024","84.11","84.12","84.12","84.11","0.00%"
"04/26/2024","84.11","84.11","84.11","84.10","0.00%"
"04/25/2024","84.11","84.11","84.11","84.07","0.02%"
"04/24/2024","84.09","84.09","84.09","84.09","-0.01%"
"04/23/2024","84.10","84.10","84.10","84.10","0.00%"
"04/22/2024","84.10","84.10","84.10","84.10","-0.02%"
"04/19/2024","84.12","84.12","84.12","84.11","0.01%"
"04/18/2024","84.11","84.11","84.11","84.10","0.00%"
"04/17/2024","84.11","84.11","84.11","84.11","0.01%"
"04/16/2024","84.10","84.10","84.10","84.10","0.01%"
"04/15/2024","84.09","84.09","84.09","84.07","-0.04%"
"04/12/2024","84.12","84.12","84.12","84.12","0.02%"
"04/11/2024","84.10","84.10","84.11","84.10","-0.01%"
"04/10/2024","84.11","84.11","84.11","84.11","-0.01%"
"04/09/2024","84.12","84.12","84.12","84.12","0.04%"
"04/08/2024","84.09","84.09","84.09","84.09","-0.01%"
"04/05/2024","84.10","84.10","84.10","84.10","0.00%"
"04/04/2024","84.10","84.10","84.10","84.10","0.00%"
"04/03/2024","84.10","84.10","84.11","84.10","-0.01%"
"04/02/2024","84.11","84.11","84.11","84.10","-0.01%"
"04/01/2024","84.12","84.12","84.12","84.11","0.00%"
"03/29/2024","84.12","84.12","84.12","84.12","0.04%"
"03/28/2024","84.09","84.09","84.10","84.09","-0.02%"
"03/27/2024","84.11","84.11","84.11","84.11","-0.01%"
"03/26/2024","84.12","84.12","84.12","84.12","0.02%"
"03/25/2024","84.10","84.10","84.10","84.10","-0.02%"
"03/22/2024","84.12","84.12","84.12","84.12","-0.01%"
"03/21/2024","84.13","84.13","84.13","84.13","0.02%"
"03/20/2024","84.11","84.11","84.11","84.11","1.47%"
"03/19/2024","82.89","82.89","82.89","82.89","0.00%"
"03/18/2024","82.89","82.89","82.90","82.89","0.00%"
"03/15/2024","82.89","82.89","82.89","82.89","0.00%"
"03/14/2024","82.89","82.89","82.89","82.89","-0.01%"
"03/13/2024","82.90","82.90","82.90","82.90","0.01%"
"03/12/2024","82.89","82.89","82.89","82.89","-0.01%"
"03/11/2024","82.90","82.90","82.90","82.89","0.00%"
"03/08/2024","82.90","82.90","82.90","82.90","0.01%"
"03/07/2024","82.89","82.89","82.89","82.89","0.01%"
"03/06/2024","82.88","82.88","82.89","82.88","-0.02%"
"03/05/2024","82.90","82.90","82.90","82.90","0.02%"
"03/04/2024","82.88","82.88","82.89","82.88","-0.01%"
"03/01/2024","82.89","82.89","82.89","82.89","0.01%"
"02/29/2024","82.88","82.88","82.88","82.88","-0.02%"
"02/28/2024","82.90","82.90","82.90","82.90","0.00%"
"02/27/2024","82.90","82.90","82.90","82.90","0.00%"
"02/26/2024","82.90","82.90","82.90","82.90","0.02%"
"02/23/2024","82.88","82.88","82.89","82.88","-0.01%"
"02/22/2024","82.89","82.89","82.89","82.89","-0.01%"
"02/21/2024","82.90","82.90","82.90","82.90","-0.01%"
"02/20/2024","82.91","82.91","82.91","82.91","0.01%"
"02/19/2024","82.90","82.90","82.90","82.90","0.01%"
"02/16/2024","82.89","82.89","82.89","82.89","-0.02%"
"02/15/2024","82.91","82.91","82.92","82.91","-0.01%"
"02/14/2024","82.92","82.92","82.92","82.92","0.02%"
"02/13/2024","82.90","82.90","82.90","82.90","0.00%"
"02/12/2024","82.90","82.90","82.90","82.90","0.00%"
"02/09/2024","82.90","82.90","82.90","82.90","-0.01%"
"02/08/2024","82.91","82.91","82.91","82.90","0.01%"
"02/07/2024","82.90","82.90","82.90","82.90","-0.02%"
"02/06/2024","82.92","82.92","82.92","82.91","0.05%"
"02/05/2024","82.88","82.88","82.88","82.87","-0.01%"
"02/02/2024","82.89","82.89","82.89","82.89","-0.02%"
"02/01/2024","82.91","82.91","82.91","82.91","-0.01%"
"01/31/2024","82.92","82.92","82.92","82.92","0.02%"
"01/30/2024","82.90","82.90","82.90","82.90","-0.02%"
"01/29/2024","82.92","82.92","82.92","82.92","0.01%"
"01/26/2024","82.91","82.91","82.91","82.91","0.00%"
"01/25/2024","82.91","82.91","82.91","82.91","-0.01%"
"01/24/2024","82.92","82.92","82.92","82.92","0.02%"
"01/23/2024","82.90","82.90","82.90","82.90","0.00%"
"01/22/2024","82.90","82.90","82.91","82.90","-0.01%"
"01/19/2024","82.91","82.91","82.91","82.91","-0.01%"
"01/18/2024","82.92","82.92","82.92","82.92","0.04%"
"01/17/2024","82.89","82.89","82.89","82.89","0.00%"
"01/16/2024","82.89","82.89","82.89","82.89","-0.01%"
"01/15/2024","82.90","82.90","82.90","82.90","-0.01%"
"01/12/2024","82.91","82.91","82.91","82.90","-0.01%"
"01/11/2024","82.92","82.92","82.92","82.92","0.00%"
"01/10/2024","82.92","82.92","82.92","82.92","0.02%"
"01/09/2024","82.90","82.90","82.90","82.90","-0.01%"
"01/08/2024","82.91","82.91","82.91","82.91","0.01%"
"01/05/2024","82.90","82.90","82.90","82.90","-0.01%"
"01/04/2024","82.91","82.91","82.91","82.90","0.02%"
"01/03/2024","82.89","82.89","82.89","82.89","0.01%"
"01/02/2024","82.88","82.88","82.88","82.88","-0.04%"
"01/01/2024","82.91","82.91","82.91","82.91","0.00%"
"12/29/2023","82.91","82.91","82.91","82.91","0.01%"
"12/28/2023","82.90","82.90","82.90","82.90","-0.01%"
"12/27/2023","82.91","82.91","82.92","82.91","-0.01%"
"12/26/2023","82.92","82.92","82.92","82.91","0.00%"
"12/25/2023","82.92","82.92","82.92","82.92","0.00%"
"12/22/2023","82.92","82.92","82.92","82.92","0.01%"
"12/21/2023","82.91","82.91","82.91","82.91","-0.02%"
"12/20/2023","82.93","82.93","82.93","82.93","0.01%"
"12/19/2023","82.92","82.92","82.92","82.92","0.00%"
"12/18/2023","82.92","82.92","82.92","82.92","0.02%"
"12/15/2023","82.90","82.90","82.90","82.90","-0.07%"
"12/14/2023","82.96","82.96","82.96","82.95","0.06%"
"12/13/2023","82.91","82.91","82.91","82.91","-0.02%"
"12/12/2023","82.93","82.93","82.93","82.92","0.04%"
"12/11/2023","82.90","82.90","82.90","82.90","0.00%"
"12/08/2023","82.90","82.90","82.90","82.90","0.00%"
"12/07/2023","82.90","82.90","82.90","82.90","-0.01%"
"12/06/2023","82.91","82.91","82.91","82.90","-0.01%"
"12/05/2023","82.92","82.92","82.92","82.92","-4.77%"
"12/04/2023","87.08","87.08","87.08","82.89","5.00%"
"12/01/2023","82.93","82.93","82.93","82.92","0.02%"
"11/30/2023","82.91","82.91","82.91","82.90","-0.02%"
"11/29/2023","82.93","82.93","82.93","82.93","0.04%"
"11/28/2023","82.90","82.90","82.90","82.90","0.00%"
"11/27/2023","82.90","82.90","82.91","82.90","0.01%"
"11/24/2023","82.89","82.89","82.89","82.89","-0.02%"
"11/23/2023","82.91","82.91","82.91","82.90","0.00%"
"11/22/2023","82.91","82.91","82.92","82.91","-0.01%"
"11/21/2023","82.92","82.92","82.92","82.92","0.01%"
"11/20/2023","82.91","82.91","82.91","82.90","-0.02%"
"11/17/2023","82.93","82.93","82.93","82.93","0.00%"
"11/16/2023","82.93","82.93","82.93","82.93","0.02%"
"11/15/2023","82.91","82.91","82.91","82.91","-0.01%"
"11/14/2023","82.92","82.92","82.92","82.91","0.01%"
"11/13/2023","82.91","82.91","82.92","82.91","-0.02%"
"11/10/2023","82.93","82.93","82.93","82.93","0.01%"
"11/09/2023","82.92","82.92","82.92","82.91","0.02%"
"11/08/2023","82.90","82.90","82.90","82.90","-0.04%"
"11/07/2023","82.93","82.93","82.93","82.93","0.02%"
"11/06/2023","82.91","82.91","82.91","82.91","0.00%"
"11/03/2023","82.91","82.91","82.91","81.58","-0.02%"
"11/02/2023","82.93","82.93","82.93","82.93","0.02%"
"11/01/2023","82.91","82.91","82.93","82.91","-0.02%"
"10/31/2023","82.93","82.93","82.93","82.93","0.02%"
"10/30/2023","82.91","82.91","82.91","82.89","-0.01%"
"10/27/2023","82.92","82.92","82.92","82.92","0.00%"
"10/26/2023","82.92","82.92","82.92","82.91","0.01%"
"10/25/2023","82.91","82.91","82.91","82.91","-0.01%"
"10/24/2023","82.92","82.92","85.23","82.92","0.04%"
"10/23/2023","82.89","82.89","82.89","82.89","-1.89%"
"10/20/2023","84.49","82.91","84.49","82.91","1.92%"
"10/19/2023","82.90","82.90","82.91","82.90","-0.05%"
"10/18/2023","82.94","82.94","82.94","82.94","0.04%"
"10/17/2023","82.91","82.91","87.21","82.91","0.00%"
"10/16/2023","82.91","82.91","82.91","82.91","-0.04%"
"10/13/2023","82.94","82.94","82.94","82.94","0.02%"
"10/12/2023","82.92","82.92","82.92","82.90","-0.01%"
"10/11/2023","82.93","82.93","82.93","82.92","-0.05%"
"10/10/2023","82.97","82.97","82.97","82.96","0.02%"
"10/09/2023","82.95","82.95","82.95","82.95","0.05%"
"10/06/2023","82.91","82.91","82.91","82.87","-0.02%"
"10/05/2023","82.93","82.93","82.93","82.93","0.01%"
"10/04/2023","82.92","82.92","82.94","82.92","0.00%"
"10/03/2023","82.92","82.92","82.92","82.92","0.02%"
"10/02/2023","82.90","82.90","82.90","82.89","-0.05%"
"09/29/2023","82.94","82.93","82.94","82.93","0.02%"
"09/28/2023","82.92","82.92","82.92","82.92","-0.02%"
"09/27/2023","82.94","82.94","82.94","82.94","0.01%"
"09/26/2023","82.93","82.93","82.93","82.93","0.02%"
"09/25/2023","82.91","82.91","82.91","82.91","-0.01%"
"09/22/2023","82.92","82.92","82.93","82.92","0.01%"
"09/21/2023","82.91","82.91","82.91","82.89","-0.02%"
"09/20/2023","82.93","82.93","82.94","82.93","1.51%"
"09/19/2023","81.70","81.70","81.70","81.70","0.01%"
"09/18/2023","81.69","81.69","81.69","81.69","0.00%"
"09/15/2023","81.69","81.69","81.69","81.69","-0.01%"
"09/14/2023","81.70","81.70","81.71","81.70","0.01%"
"09/13/2023","81.69","81.69","81.69","81.68","0.00%"
"09/12/2023","81.69","81.69","81.69","81.69","-0.01%"
"09/11/2023","81.70","81.70","81.70","81.69","0.00%"
"09/08/2023","81.70","81.70","81.71","81.70","-0.01%"
"09/07/2023","81.71","81.71","81.71","81.71","0.01%"
"09/06/2023","81.70","81.70","81.70","81.70","0.01%"
"09/05/2023","81.69","81.69","81.69","81.68","-0.01%"
"09/04/2023","81.70","81.70","81.70","81.69","0.01%"
"09/01/2023","81.69","81.69","81.71","81.69","-0.02%"
"08/31/2023","81.71","81.71","81.71","81.71","0.02%"
"08/30/2023","81.69","81.69","81.69","81.69","-0.01%"
"08/29/2023","81.70","81.70","81.70","81.69","0.01%"
"08/28/2023","81.69","81.69","81.69","81.69","0.00%"
"08/25/2023","81.69","81.69","81.70","81.69","0.00%"
"08/24/2023","81.69","81.69","81.69","81.69","-0.04%"
"08/23/2023","81.72","81.72","81.72","81.72","0.02%"
"08/22/2023","81.70","81.70","81.70","81.70","0.01%"
"08/21/2023","81.69","81.69","81.69","81.69","-0.04%"
"08/18/2023","81.72","81.72","81.72","81.72","0.02%"
"08/17/2023","81.70","81.70","81.71","81.70","-0.02%"
"08/16/2023","81.72","81.72","81.72","81.72","0.02%"
"08/15/2023","81.70","81.70","81.70","81.69","-0.01%"
"08/14/2023","81.71","81.71","81.71","81.69","-0.01%"
"08/11/2023","81.72","81.72","81.72","81.71","0.02%"
"08/10/2023","81.70","81.70","81.71","81.70","-0.01%"
"08/09/2023","81.71","81.71","81.71","81.70","-0.01%"
"08/08/2023","81.72","81.72","81.73","81.72","0.04%"
"08/07/2023","81.69","81.69","81.69","81.69","-0.01%"
"08/04/2023","81.70","81.70","81.70","81.69","0.01%"
"08/03/2023","81.69","81.69","81.69","81.69","-0.04%"
"08/02/2023","81.72","81.72","81.73","81.72","0.01%"
"08/01/2023","81.71","81.71","81.71","81.70","0.02%"
"07/31/2023","81.69","81.69","81.70","81.69","-0.04%"
"07/28/2023","81.72","81.72","81.73","81.72","0.01%"
"07/27/2023","81.71","81.71","81.71","81.71","0.00%"
"07/26/2023","81.71","81.71","81.71","81.71","0.00%"
"07/25/2023","81.71","81.71","81.71","81.70","0.01%"
"07/24/2023","81.70","81.70","81.72","81.70","0.00%"
"07/21/2023","81.70","81.71","81.71","81.70","0.00%"
"07/20/2023","81.70","81.70","81.70","81.69","-0.02%"
"07/19/2023","81.72","81.72","81.72","81.72","0.00%"
"07/18/2023","81.72","81.72","81.73","81.72","0.01%"
"07/17/2023","81.71","81.71","81.73","81.71","0.01%"
"07/14/2023","81.70","81.70","81.70","81.69","-0.02%"
"07/13/2023","81.72","81.72","81.72","81.72","0.00%"
"07/12/2023","81.72","81.72","81.72","81.72","0.00%"
"07/11/2023","81.72","81.72","81.72","81.72","0.01%"
"07/10/2023","81.71","81.71","81.72","81.71","0.00%"
"07/07/2023","81.71","81.71","81.71","81.70","0.01%"
"07/06/2023","81.70","81.70","81.70","81.68","-0.02%"
"07/05/2023","81.72","81.72","81.72","81.72","0.00%"
"07/04/2023","81.72","81.72","81.72","81.72","0.04%"
"07/03/2023","81.69","81.69","81.69","81.69","-0.02%"
"06/30/2023","81.71","81.71","81.71","81.69","0.01%"
"06/29/2023","81.70","81.70","81.70","81.70","-0.02%"
"06/28/2023","81.72","81.72","81.72","81.72","0.02%"
"06/27/2023","81.70","81.70","81.71","81.70","-0.02%"
"06/26/2023","81.72","81.72","81.72","81.72","0.01%"
"06/23/2023","81.71","81.71","81.73","81.71","0.00%"
"06/22/2023","81.71","81.71","81.71","81.71","0.01%"
"06/21/2023","81.70","81.70","81.71","81.70","0.00%"
"06/20/2023","81.70","81.70","81.71","81.70","-0.02%"
"06/19/2023","81.72","81.72","81.72","81.70","0.02%"
"06/16/2023","81.70","81.70","81.70","81.70","0.00%"
"06/15/2023","81.70","81.70","81.70","81.69","-0.02%"
"06/14/2023","81.72","81.72","81.73","81.72","0.00%"
"06/13/2023","81.72","81.72","81.72","81.71","0.01%"
"06/12/2023","81.71","81.70","81.71","81.70","0.00%"
"06/09/2023","81.71","81.71","81.71","81.69","-0.01%"
"06/08/2023","81.72","81.72","81.72","81.72","0.00%"
"06/07/2023","81.72","81.73","81.73","81.72","0.01%"
"06/06/2023","81.71","81.71","81.73","81.71","0.01%"
"06/05/2023","81.70","81.70","81.70","81.70","-0.01%"
"06/02/2023","81.71","81.71","81.71","81.71","0.01%"
"06/01/2023","81.70","81.70","81.70","81.70","-0.04%"
"05/31/2023","81.73","81.72","81.73","81.72","0.00%"
"05/30/2023","81.73","81.73","81.74","81.73","0.01%"
"05/29/2023","81.72","81.70","81.72","81.70","-0.02%"
"05/26/2023","81.74","81.72","81.74","81.72","0.04%"
"05/25/2023","81.71","81.71","81.71","81.71","-0.04%"
"05/24/2023","81.74","81.74","81.74","81.73","0.04%"
"05/23/2023","81.71","81.71","81.71","81.69","-0.04%"
"05/22/2023","81.74","81.75","81.75","81.74","0.02%"
"05/19/2023","81.72","80.36","81.72","80.36","-0.47%"
"05/18/2023","82.11","87.35","87.35","82.11","0.34%"
"05/17/2023","81.83","81.64","81.83","81.64","0.20%"
"05/16/2023","81.67","81.67","81.81","81.67","-0.16%"
"05/15/2023","81.80","81.71","81.80","81.71","0.07%"
"05/12/2023","81.74","81.78","81.78","81.74","-0.05%"
"05/11/2023","81.78","81.78","81.78","81.78","0.04%"
"05/10/2023","81.75","81.76","81.76","81.75","0.02%"
"05/09/2023","81.73","81.73","81.74","81.73","0.01%"
"05/08/2023","81.72","81.72","81.72","81.71","0.01%"
"05/05/2023","81.71","81.72","81.72","81.71","-0.05%"
"05/04/2023","81.75","81.75","81.75","81.74","0.02%"
"05/03/2023","81.73","81.73","81.74","81.73","0.00%"
"05/02/2023","81.73","81.73","81.74","81.73","0.02%"
"05/01/2023","81.71","81.71","81.71","81.71","-0.05%"
"04/28/2023","81.75","81.70","81.75","81.70","0.04%"
"04/27/2023","81.72","81.71","81.72","81.71","0.01%"
"04/26/2023","81.71","81.70","81.71","81.70","-0.07%"
"04/25/2023","81.77","81.75","81.77","81.75","0.04%"
"04/24/2023","81.74","81.74","81.74","81.74","0.00%"
"04/21/2023","81.74","81.73","81.74","81.73","-0.01%"
"04/20/2023","81.75","81.74","81.75","81.74","0.06%"
"04/19/2023","81.70","81.73","81.73","81.70","-0.04%"
"04/18/2023","81.73","81.73","81.73","81.73","0.02%"
"04/17/2023","81.71","81.73","81.73","81.71","-0.02%"
"04/14/2023","81.73","81.73","81.73","81.73","0.00%"
"04/13/2023","81.73","81.74","81.74","81.73","0.01%"
"04/12/2023","81.72","81.72","81.72","81.72","-0.04%"
"04/11/2023","81.75","81.74","81.75","81.74","0.01%"
"04/10/2023","81.74","81.74","81.74","81.74","0.01%"
"04/07/2023","81.73","81.73","81.73","81.73","-0.04%"
"04/06/2023","81.76","81.75","81.76","81.75","0.05%"
"04/05/2023","81.72","81.72","81.72","81.72","-0.01%"
"04/04/2023","81.73","81.74","81.74","81.73","0.04%"
"04/03/2023","81.70","81.70","81.70","81.70","-0.02%"
"03/31/2023","81.72","81.73","81.73","81.72","-0.01%"
"03/30/2023","81.73","81.72","81.73","81.72","-0.01%"
"03/29/2023","81.74","81.72","81.74","81.72","0.02%"
"03/28/2023","81.72","81.75","81.75","81.72","0.04%"
"03/27/2023","81.69","81.69","81.69","81.69","-0.09%"
"03/24/2023","81.76","81.75","81.76","81.75","0.06%"
"03/23/2023","81.71","81.76","81.76","81.71","-0.04%"
"03/22/2023","81.74","81.74","81.74","81.74","0.01%"
"03/21/2023","81.73","81.71","81.73","81.71","-0.09%"
"03/20/2023","81.80","81.83","81.83","81.80","1.61%"
"03/17/2023","80.50","80.50","80.50","80.50","0.01%"
"03/16/2023","80.49","80.49","80.49","80.49","-0.12%"
"03/15/2023","80.59","80.44","80.59","80.44","-0.02%"
"03/14/2023","80.61","80.59","80.61","80.59","0.07%"
"03/13/2023","80.55","80.56","80.56","80.55","0.01%"
"03/10/2023","80.54","80.56","80.56","80.54","0.04%"
"03/09/2023","80.51","80.51","80.51","80.51","0.02%"
"03/08/2023","80.49","80.48","80.49","80.48","-0.04%"
"03/07/2023","80.52","80.52","80.52","80.52","0.01%"
"03/06/2023","80.51","80.51","80.51","80.51","-0.01%"
"03/03/2023","80.52","80.51","80.52","80.51","0.01%"
"03/02/2023","80.51","80.50","80.51","80.50","0.01%"
"03/01/2023","80.50","80.50","80.50","80.50","0.00%"
"02/28/2023","80.50","80.49","80.50","80.49","0.01%"
"02/27/2023","80.49","80.50","80.50","80.49","-0.01%"
"02/24/2023","80.50","80.51","80.51","80.50","-0.01%"
"02/23/2023","80.51","80.52","80.52","80.51","-0.01%"
"02/22/2023","80.52","80.52","80.52","80.52","0.05%"
"02/21/2023","80.48","80.54","80.54","80.48","-0.02%"
"02/20/2023","80.50","80.50","80.50","80.50","0.00%"
"02/17/2023","80.50","80.50","80.50","80.50","-0.04%"
"02/16/2023","80.53","80.53","80.53","80.53","0.00%"
"02/15/2023","80.53","80.53","80.53","80.53","0.01%"
"02/14/2023","80.52","80.52","80.52","80.52","0.01%"
"02/13/2023","80.51","80.51","80.51","80.51","0.00%"
"02/10/2023","80.51","80.52","80.52","80.51","-0.02%"
"02/09/2023","80.53","80.52","80.53","80.52","0.00%"
"02/08/2023","80.53","80.54","80.54","80.53","-0.01%"
"02/07/2023","80.54","80.54","80.54","80.54","0.05%"
"02/06/2023","80.50","80.50","80.50","80.50","-0.02%"
"02/03/2023","80.52","80.53","80.53","80.52","0.01%"
"02/02/2023","80.51","80.51","80.51","80.51","-0.01%"
"02/01/2023","80.52","80.51","80.52","80.51","-0.02%"
"01/31/2023","80.54","80.52","80.54","80.52","0.05%"
"01/30/2023","80.50","80.52","80.52","80.50","0.00%"
"01/27/2023","80.50","80.51","80.51","80.50","-0.01%"
"01/26/2023","80.51","80.51","80.51","80.51","-0.02%"
"01/25/2023","80.53","80.52","80.53","80.52","0.00%"
"01/24/2023","80.53","80.53","80.53","80.53","0.01%"
"01/23/2023","80.52","80.53","80.53","80.52","0.02%"
"01/20/2023","80.50","80.51","80.51","80.50","-0.02%"
"01/19/2023","80.52","80.54","80.54","80.52","-0.02%"
"01/18/2023","80.54","80.53","80.54","80.53","0.04%"
"01/17/2023","80.51","80.51","80.51","80.51","-0.01%"
"01/16/2023","80.52","80.53","80.53","80.52","0.00%"
"01/13/2023","80.52","80.51","80.52","80.51","0.00%"
"01/12/2023","80.52","80.53","80.53","80.52","-0.01%"
"01/11/2023","80.53","80.54","80.54","80.53","0.04%"
"01/10/2023","80.50","80.52","80.52","80.50","-0.01%"
"01/09/2023","80.51","80.52","80.52","80.51","-0.01%"
"01/06/2023","80.52","80.52","80.52","80.52","0.00%"
"01/05/2023","80.52","80.51","80.52","80.51","-0.06%"
"01/04/2023","80.57","80.55","80.57","80.55","0.01%"
"01/03/2023","80.56","80.56","80.56","80.56","0.02%"
"01/02/2023","80.54","80.54","80.54","80.54","0.04%"
"12/30/2022","80.51","80.52","80.52","80.51","-0.02%"
"12/29/2022","80.53","80.54","80.54","80.53","-0.01%"
"12/28/2022","80.54","80.53","80.54","80.53","0.01%"
"12/27/2022","80.53","80.53","80.53","80.53","-0.01%"
"12/26/2022","80.54","80.54","80.54","80.54","0.02%"
"12/23/2022","80.52","80.53","80.53","80.52","-0.02%"
"12/22/2022","80.54","80.54","80.54","80.54","-0.01%"
"12/21/2022","80.55","80.53","80.55","80.53","0.04%"
"12/20/2022","80.52","80.51","80.52","80.51","0.00%"
"12/19/2022","80.52","80.52","80.52","80.52","0.01%"
"12/16/2022","80.51","80.52","80.52","80.51","-0.02%"
"12/15/2022","80.53","80.52","80.53","80.52","-0.02%"
"12/14/2022","80.55","80.54","80.55","80.54","0.01%"
"12/13/2022","80.54","80.54","80.54","80.54","0.00%"
"12/12/2022","80.54","80.53","80.54","80.53","0.01%"
"12/09/2022","80.53","80.54","80.54","80.53","0.02%"
"12/08/2022","80.51","80.50","80.51","80.50","-0.01%"
"12/07/2022","80.52","80.52","80.52","80.52","-0.02%"
"12/06/2022","80.54","80.53","80.54","80.53","0.06%"
"12/05/2022","80.49","80.49","80.49","80.49","-0.05%"
"11/30/2022","80.53","80.54","80.54","80.53","-0.01%"
"11/29/2022","80.54","80.52","80.54","80.52","0.00%"
"11/28/2022","80.54","80.56","80.56","80.54","0.02%"
"11/25/2022","80.52","80.55","80.55","80.52","-0.05%"
"11/24/2022","80.56","80.54","80.56","80.54","0.05%"
"11/23/2022","80.52","80.75","80.75","80.52","-0.05%"
"11/22/2022","80.56","80.55","80.56","80.55","0.04%"
"11/21/2022","80.53","80.55","80.55","80.53","0.02%"
"11/18/2022","80.51","80.54","80.54","80.51","-0.01%"
"11/17/2022","80.52","80.52","80.52","80.52","-0.01%"
"11/16/2022","80.53","80.78","80.78","80.53","-0.04%"
"11/15/2022","80.56","80.53","80.56","80.53","0.06%"
"11/14/2022","80.51","80.50","80.51","80.50","-0.02%"
"11/11/2022","80.53","80.53","80.53","80.53","0.00%"
"11/10/2022","80.53","80.53","80.53","80.53","0.02%"
"09/23/2022","80.51","80.53","80.53","80.51","0.00%"
"09/22/2022","80.51","80.50","80.51","80.50","-0.05%"
"09/21/2022","80.55","80.55","80.55","80.55","0.02%"
"09/20/2022","80.53","80.55","80.55","80.53","1.54%"
"09/19/2022","79.31","79.32","79.32","79.31","-0.01%"
"09/16/2022","79.32","79.32","79.32","79.32","0.03%"
"09/15/2022","79.30","79.31","79.31","79.30","0.01%"
"09/14/2022","79.29","79.29","79.29","79.29","0.04%"
"09/13/2022","79.26","79.26","79.26","79.26","-0.11%"
"08/30/2022","79.35","79.34","79.35","79.34","0.08%"
"08/29/2022","79.29","79.29","79.29","79.29","-0.01%"
"08/19/2022","79.30","79.32","79.32","79.30","-0.06%"
"08/18/2022","79.35","79.34","79.35","79.34","0.09%"
"08/17/2022","79.28","79.33","79.33","79.28","-0.06%"
"08/16/2022","79.33","79.34","79.34","79.33","-0.04%"
"08/15/2022","79.36","79.36","79.36","79.36","0.13%"
"06/13/2022","79.26","79.30","79.30","79.26","-0.06%"
"06/10/2022","79.31","79.35","79.35","79.31","-0.03%"
"06/09/2022","79.33","79.34","79.34","79.33","0.00%"
"06/08/2022","79.33","79.34","79.34","79.33","-0.04%"
"06/07/2022","79.36","79.34","79.36","79.34","0.04%"
"06/06/2022","79.33","79.35","79.35","79.33","-0.01%"
"06/03/2022","79.34","79.35","79.35","79.34","-0.01%"
"06/02/2022","79.35","79.35","79.35","79.35","0.03%"
"06/01/2022","79.33","79.33","79.33","79.33","-0.03%"
"05/13/2022","79.35","79.35","79.35","79.35","0.00%"
"04/28/2022","79.35","79.36","79.36","79.35","-0.03%"
"04/27/2022","79.37","79.34","79.37","79.34","-0.01%"
"04/26/2022","79.38","79.34","79.38","79.34","-0.04%"
"04/25/2022","79.41","79.38","79.41","79.38","0.09%"
"04/22/2022","79.34","79.34","79.34","79.34","0.00%"
"04/21/2022","79.34","79.33","79.34","79.33","-0.05%"
"04/20/2022","79.38","79.36","79.38","79.36","0.04%"
"04/19/2022","79.35","79.37","79.37","79.35","-0.01%"
"04/18/2022","79.36","79.34","79.36","79.34","-0.01%"
"04/15/2022","79.37","79.37","79.37","79.37","0.00%"
"04/14/2022","79.37","79.39","79.39","79.37","0.01%"
"04/13/2022","79.36","79.35","79.36","79.35","-0.05%"
"04/12/2022","79.40","79.34","79.40","79.34","0.09%"
"04/11/2022","79.33","79.33","79.33","79.33","0.00%"
"04/08/2022","79.33","79.34","79.34","79.33","-0.06%"
"04/07/2022","79.38","79.38","79.38","79.38","0.05%"
"04/06/2022","79.34","79.33","79.34","79.33","0.01%"
"04/05/2022","79.33","79.35","79.35","79.33","-0.06%"
"04/04/2022","79.38","79.35","79.38","79.35","-0.10%"
"04/01/2022","79.46","79.49","79.49","79.46","-0.09%"
"03/31/2022","79.53","79.51","79.53","79.51","0.03%"
"03/30/2022","79.51","79.53","79.53","79.51","0.01%"
"03/29/2022","79.50","79.50","79.50","79.50","0.00%"
"03/28/2022","79.50","79.45","79.50","79.45","-0.01%"
"03/25/2022","79.51","79.51","79.51","79.51","0.03%"
"03/24/2022","79.49","79.49","79.49","79.49","-0.06%"
"03/23/2022","79.54","79.54","79.54","79.54","1.57%"
"03/16/2022","78.31","78.32","78.32","78.31","0.05%"
"03/15/2022","78.27","78.25","78.27","78.25","-0.01%"
"03/14/2022","78.28","78.28","78.28","78.28","-0.01%"
"03/11/2022","78.29","78.31","78.31","78.29","0.00%"
"03/10/2022","78.29","78.31","78.31","78.29","0.00%"
"03/09/2022","78.29","78.32","78.32","78.29","0.01%"
"03/08/2022","78.28","78.29","78.29","78.28","-0.01%"
"03/07/2022","78.29","78.33","78.33","78.29","-0.05%"
"03/04/2022","78.33","78.31","78.33","78.31","0.03%"
"03/03/2022","78.31","78.30","78.31","78.30","0.04%"
"03/02/2022","78.28","78.31","78.31","78.28","-0.11%"
"03/01/2022","78.37","78.34","78.37","78.34","0.06%"
"02/28/2022","78.32","78.33","78.33","78.32","0.08%"
"02/25/2022","78.26","78.29","78.29","78.26","-0.11%"
"02/24/2022","78.35","78.31","78.35","78.31","0.11%"
"02/23/2022","78.26","78.26","78.26","78.26","-0.01%"
"02/22/2022","78.27","78.30","78.30","78.27","-0.04%"
"02/21/2022","78.30","78.30","78.30","78.30","0.01%"
"02/18/2022","78.29","78.29","78.29","78.29","-0.01%"
"02/17/2022","78.30","78.29","78.30","78.29","0.00%"
"02/16/2022","78.30","78.29","78.30","78.29","0.01%"
"02/15/2022","78.29","78.29","78.29","78.29","0.04%"
"02/14/2022","78.26","78.26","78.26","78.26","-0.06%"
"02/11/2022","78.31","78.30","78.31","78.30","0.01%"
"02/10/2022","78.30","78.29","78.30","78.29","0.00%"
"02/09/2022","78.30","78.30","78.30","78.30","0.03%"
"02/08/2022","78.28","78.27","78.28","78.27","-0.01%"
"02/07/2022","78.29","78.30","78.30","78.29","0.01%"
"02/04/2022","78.28","78.28","78.28","78.28","0.00%"
"02/03/2022","78.28","78.29","78.29","78.28","-0.03%"
"02/02/2022","78.30","78.30","78.30","78.30","-0.01%"
"02/01/2022","78.31","78.31","78.31","78.31","0.04%"
"01/28/2022","78.28","78.28","78.28","78.28","0.00%"
"01/27/2022","78.28","78.28","78.28","78.28","-0.03%"
"01/26/2022","78.30","78.30","78.30","78.30","0.00%"
"01/25/2022","78.30","78.29","78.30","78.29","0.00%"
"01/24/2022","78.30","78.29","78.30","78.29","-0.01%"
"01/21/2022","78.31","78.29","78.29","78.29","0.01%"
"01/20/2022","78.30","78.29","78.30","78.29","0.00%"
"01/19/2022","78.30","78.29","78.30","78.29","0.03%"
"01/18/2022","78.28","78.26","78.28","78.26","0.00%"
"01/17/2022","78.28","78.29","78.29","78.28","-0.01%"
"01/14/2022","78.29","78.29","78.29","78.29","-0.01%"
"01/13/2022","78.30","78.30","78.30","78.30","0.00%"
"01/12/2022","78.30","78.30","78.30","78.30","0.01%"
"01/11/2022","78.29","78.30","78.30","78.29","0.00%"
"01/10/2022","78.29","78.30","78.30","78.29","-0.03%"
"01/07/2022","78.31","78.31","78.31","78.31","0.04%"
"01/06/2022","78.28","78.29","78.29","78.28","1.24%"
"01/05/2022","77.32","77.32","77.32","77.32","0.01%"
"01/04/2022","77.31","77.32","77.32","77.31","0.01%"
"01/03/2022","77.30","77.31","77.31","77.30","-0.03%"
"12/31/2021","77.32","77.32","77.32","77.32","0.00%"
"12/30/2021","77.32","77.32","77.32","77.32","0.00%"
"12/29/2021","77.32","77.33","77.33","77.32","0.00%"
"12/28/2021","77.32","77.33","77.33","77.32","0.00%"
"12/27/2021","77.32","77.32","77.32","77.32","-0.01%"
"12/24/2021","77.33","77.33","77.33","77.33","0.01%"
"12/23/2021","77.32","77.32","77.32","77.32","0.00%"
"12/22/2021","77.32","77.33","77.33","77.32","0.01%"
"12/21/2021","77.31","77.32","77.32","77.31","-0.04%"
"12/20/2021","77.34","77.35","77.35","77.34","0.00%"
"12/17/2021","77.34","77.32","77.34","77.32","0.01%"
"12/16/2021","77.33","77.34","77.34","77.33","0.00%"
"12/15/2021","77.33","77.33","77.33","77.33","0.01%"
"12/14/2021","77.32","77.33","77.33","77.32","-0.03%"
"12/13/2021","77.34","77.33","77.34","77.33","0.01%"
"12/10/2021","77.33","77.33","77.33","77.33","-0.01%"
"12/09/2021","77.34","77.34","77.34","77.34","0.00%"
"12/08/2021","77.34","77.34","77.34","77.34","0.03%"
"12/07/2021","77.32","77.32","77.32","77.32","0.00%"
"12/06/2021","77.32","77.33","77.33","77.32","-0.03%"
"12/03/2021","77.34","77.33","77.34","77.33","0.03%"
"12/02/2021","77.32","77.35","77.35","77.32","0.01%"
"12/01/2021","77.31","77.32","77.32","77.31","-0.09%"
"11/30/2021","77.38","77.39","77.39","77.38","0.09%"
"11/29/2021","77.31","77.31","77.31","77.31","-0.13%"
"11/26/2021","77.41","76.52","77.41","76.52","0.12%"
"11/25/2021","77.32","77.35","77.36","77.32","-0.05%"
"11/24/2021","77.36","77.35","77.36","77.35","1.12%"
"11/23/2021","76.50","76.52","76.52","76.50","0.00%"
"11/22/2021","76.50","76.50","76.50","76.50","-0.07%"
"11/19/2021","76.55","76.53","76.55","76.53","0.04%"
"11/18/2021","76.52","76.52","76.52","76.52","0.00%"
"11/17/2021","76.52","76.52","76.52","76.52","0.00%"
"11/16/2021","76.52","76.52","76.52","76.52","-0.01%"
"11/15/2021","76.53","76.53","76.53","76.53","0.03%"
"11/12/2021","76.51","76.50","76.51","76.50","-0.01%"
"11/11/2021","76.52","76.51","76.52","76.51","0.01%"
"11/10/2021","76.51","76.51","76.51","76.51","-0.04%"
"11/09/2021","76.54","76.53","76.54","76.53","0.04%"
"11/08/2021","76.51","76.50","76.51","76.50","0.01%"
"11/05/2021","76.50","76.51","76.51","76.50","-0.04%"
"11/04/2021","76.53","76.51","76.53","76.51","0.03%"
"11/03/2021","76.51","76.53","76.53","76.51","-0.03%"
"11/02/2021","76.53","76.54","76.54","76.53","0.04%"
"11/01/2021","76.50","76.51","76.51","76.50","0.03%"
"10/29/2021","76.48","76.51","76.51","76.48","-0.03%"
"10/28/2021","76.50","76.49","76.50","76.49","-0.03%"
"10/27/2021","76.52","76.50","76.52","76.50","0.01%"
"10/26/2021","76.51","76.51","76.51","76.51","0.00%"
"10/25/2021","76.51","76.51","76.51","76.51","0.00%"
"10/22/2021","76.51","76.52","76.52","76.51","0.01%"
"10/21/2021","76.50","76.51","76.51","76.50","-0.04%"
"10/20/2021","76.53","76.52","76.53","76.52","0.00%"
"10/19/2021","76.53","76.53","76.53","76.53","0.07%"
"10/18/2021","76.48","76.49","76.49","76.48","-0.03%"
"10/15/2021","76.50","76.51","76.51","76.50","-0.04%"
"10/14/2021","76.53","76.52","76.53","76.52","0.05%"
"10/13/2021","76.49","76.51","76.51","76.49","-0.01%"
"10/12/2021","76.50","76.50","76.50","76.50","0.00%"
"10/11/2021","76.50","76.50","76.50","76.50","-0.04%"
"10/08/2021","76.53","76.51","76.53","76.51","0.03%"
"10/07/2021","76.51","76.52","76.52","76.51","0.00%"
"10/06/2021","76.51","76.51","76.51","76.51","0.00%"
"10/05/2021","76.51","76.52","76.52","76.51","-0.01%"
"10/04/2021","76.52","76.52","76.52","76.52","-0.01%"
"10/01/2021","76.53","76.53","76.53","76.53","0.03%"
"09/30/2021","76.51","76.52","76.52","76.51","-0.01%"
"09/29/2021","76.52","76.53","76.53","76.52","0.01%"
"09/28/2021","76.51","76.50","76.51","76.50","0.00%"
"09/27/2021","76.51","76.51","76.51","76.51","-0.01%"
"09/24/2021","76.52","76.52","76.52","76.52","0.03%"
"09/23/2021","76.50","76.51","76.51","76.50","-0.03%"
"09/22/2021","76.52","76.52","76.52","76.52","0.00%"
"09/21/2021","76.52","76.51","76.52","76.51","-0.03%"
"09/20/2021","76.54","76.53","76.54","76.53","1.63%"
"09/17/2021","75.31","75.31","75.31","75.31","0.03%"
"09/16/2021","75.29","75.30","75.30","75.29","-0.01%"
"09/15/2021","75.30","75.31","75.31","75.30","-0.01%"
"09/14/2021","75.31","75.30","75.31","75.30","0.00%"
"09/13/2021","75.31","75.31","75.31","75.31","0.01%"
"09/10/2021","75.30","75.30","75.30","75.30","0.00%"
"09/09/2021","75.30","75.31","75.31","75.30","-0.01%"
"09/08/2021","75.31","75.31","75.31","75.31","0.01%"
"09/07/2021","75.30","75.30","75.30","75.30","-0.01%"
"09/06/2021","75.31","75.31","75.31","75.31","0.00%"
"09/03/2021","75.31","75.31","75.31","75.31","0.00%"
"09/02/2021","75.31","75.31","75.31","75.31","0.00%"
"09/01/2021","75.31","75.30","75.31","75.30","0.00%"
"08/31/2021","75.31","75.31","75.31","75.31","0.00%"
"08/30/2021","75.31","75.31","75.31","75.31","-0.01%"
"08/27/2021","75.32","75.31","75.32","75.31","0.03%"
"08/26/2021","75.30","75.31","75.31","75.30","-0.01%"
"08/25/2021","75.31","75.31","75.31","75.31","0.00%"
"08/24/2021","75.31","75.31","75.31","75.31","0.00%"
"08/23/2021","75.31","75.31","75.31","75.31","-0.01%"
"08/20/2021","75.32","75.32","75.32","75.32","0.00%"
"08/17/2021","75.32","75.32","75.32","75.32","-0.03%"
"07/20/2021","75.34","75.33","75.34","75.33","-0.01%"
"07/19/2021","75.35","75.34","75.35","75.34","0.05%"
"07/16/2021","75.31","75.32","75.32","75.31","-0.03%"
"07/15/2021","75.33","75.34","75.34","75.33","-0.01%"
"07/14/2021","75.34","75.33","75.34","75.33","0.03%"
"07/13/2021","75.32","75.33","75.33","75.32","-0.03%"
"07/12/2021","75.34","75.34","75.34","75.34","0.03%"
"07/09/2021","75.32","75.32","75.32","75.32","-0.03%"
"07/08/2021","75.34","75.35","75.35","75.34","0.00%"
"07/07/2021","75.34","75.33","75.34","75.33","0.00%"
"07/06/2021","75.34","75.33","75.34","75.33","0.01%"
"07/05/2021","75.33","75.33","75.33","75.33","-0.01%"
"07/02/2021","75.34","75.34","75.34","75.34","0.01%"
"07/01/2021","75.33","75.33","75.33","75.33","-0.01%"
"06/30/2021","75.34","75.33","75.34","75.33","0.01%"
"06/29/2021","75.33","75.33","75.33","75.33","-0.01%"
"06/28/2021","75.34","75.34","75.34","75.34","0.00%"
"06/25/2021","75.34","75.34","75.34","75.34","0.00%"
"06/24/2021","75.34","75.33","75.34","75.33","0.01%"
"06/23/2021","75.33","75.33","75.33","75.33","-0.01%"
"06/22/2021","75.34","75.34","75.34","75.34","0.01%"
"06/21/2021","75.33","75.34","75.34","75.33","0.00%"
"06/18/2021","75.33","75.35","75.35","75.33","-0.01%"
"06/17/2021","75.34","75.31","75.34","75.31","0.04%"
"06/16/2021","75.31","75.31","75.31","75.31","0.00%"
"06/15/2021","75.31","75.31","75.31","75.31","0.00%"
"06/14/2021","75.31","75.31","75.31","75.31","0.00%"
"06/11/2021","75.31","75.31","75.31","75.31","0.01%"
"06/10/2021","75.30","75.31","75.31","75.30","-0.03%"
"06/09/2021","75.32","75.32","75.32","75.32","-0.01%"
"05/25/2021","75.33","75.33","75.33","75.33","-0.05%"
"04/08/2021","75.37","75.37","75.37","75.37","0.00%"
"04/07/2021","75.37","75.37","75.37","75.37","0.01%"
"03/29/2021","75.36","75.36","75.36","75.36","0.01%"
"03/25/2021","75.35","75.35","75.35","75.35","-0.01%"
"03/24/2021","75.36","75.36","75.36","75.36","-0.01%"
"03/23/2021","75.37","75.36","75.37","75.36","0.01%"
"03/22/2021","75.36","75.37","75.37","75.36","0.08%"
"03/19/2021","75.30","75.30","75.30","75.30","0.01%"
"03/18/2021","75.29","75.29","75.29","75.29","0.00%"
"03/17/2021","75.29","75.29","75.29","75.29","-0.01%"
"03/16/2021","75.30","75.30","75.30","75.30","0.00%"
"03/15/2021","75.30","75.30","75.30","75.30","0.03%"
"03/12/2021","75.28","75.28","75.28","75.28","-0.04%"
"03/11/2021","75.31","75.31","75.31","75.31","0.01%"
"03/10/2021","75.30","75.29","75.30","75.29","-0.01%"
"03/09/2021","75.31","75.31","75.31","75.31","0.03%"
"03/08/2021","75.29","75.29","75.29","75.29","0.00%"
"03/05/2021","75.29","75.29","75.29","75.29","-0.01%"
"03/04/2021","75.30","75.30","75.30","75.30","0.03%"
"03/03/2021","75.28","75.29","75.29","75.28","-0.01%"
"03/02/2021","75.29","75.30","75.30","75.29","0.00%"
"03/01/2021","75.29","75.29","75.29","75.29","-1.95%"
"02/26/2021","76.79","76.80","76.80","76.79","0.04%"
"02/25/2021","76.76","76.77","76.77","76.76","-0.03%"
"02/24/2021","76.78","76.78","76.78","76.78","0.00%"
"02/23/2021","76.78","76.78","76.78","76.78","0.01%"
"02/22/2021","76.77","76.76","76.77","76.76","0.00%"
"02/19/2021","76.77","76.77","76.77","76.77","-0.01%"
"02/18/2021","76.78","76.78","76.78","76.78","0.00%"
"02/17/2021","76.78","76.79","76.79","76.78","0.01%"
"02/16/2021","76.77","76.77","76.77","76.77","-0.01%"
"02/15/2021","76.78","76.78","76.78","76.78","0.00%"
"02/12/2021","76.78","76.78","76.78","76.78","-0.01%"
"02/11/2021","76.79","76.79","76.79","76.79","0.00%"
"02/10/2021","76.79","76.79","76.79","76.79","0.00%"
"02/09/2021","76.79","76.79","76.79","76.79","0.01%"
"02/08/2021","76.78","76.78","76.78","76.78","-0.01%"
"02/05/2021","76.79","76.79","76.79","76.79","0.00%"
"02/04/2021","76.79","76.79","76.79","76.79","0.01%"
"02/03/2021","76.78","76.78","76.78","76.78","0.00%"
"02/02/2021","76.78","76.78","76.78","76.78","-0.01%"
"02/01/2021","76.79","76.79","76.79","76.79","0.00%"
"01/29/2021","76.79","76.80","76.80","76.79","-0.01%"
"01/28/2021","76.80","76.80","76.80","76.80","0.00%"
"01/27/2021","76.80","76.80","76.80","76.80","0.01%"
"01/26/2021","76.79","76.80","76.80","76.79","-0.01%"
"01/25/2021","76.80","76.80","76.80","76.80","0.00%"
"01/22/2021","76.80","76.80","76.80","76.80","0.00%"
"01/21/2021","76.80","76.80","76.80","76.80","0.01%"
"01/20/2021","76.79","76.80","76.80","76.79","-0.01%"
"01/19/2021","76.80","76.80","76.80","76.80","0.00%"
"01/18/2021","76.80","76.80","76.80","76.80","-0.01%"
"01/15/2021","76.81","76.80","76.81","76.80","0.01%"
"01/14/2021","76.80","76.79","76.80","76.79","0.00%"
"01/13/2021","76.80","76.80","76.80","76.80","0.01%"
"01/12/2021","76.79","76.79","76.79","76.79","-0.01%"
"01/11/2021","76.80","76.80","76.80","76.80","0.00%"
"01/08/2021","76.80","76.79","76.80","76.79","0.00%"
"01/07/2021","76.80","76.79","76.80","76.79","0.01%"
"01/06/2021","76.79","76.79","76.79","76.79","-0.01%"
"01/05/2021","76.80","76.80","76.80","76.80","0.00%"
"01/04/2021","76.80","76.80","76.80","76.80","0.00%"
"01/01/2021","76.80","76.80","76.80","76.80","0.00%"
"12/31/2020","76.80","76.80","76.80","76.80","0.00%"
"12/30/2020","76.80","76.80","76.80","76.80","0.01%"
"12/29/2020","76.79","76.79","76.79","76.79","0.00%"
"12/28/2020","76.79","76.79","76.79","76.79","-0.01%"
"12/25/2020","76.80","76.80","76.80","76.80","0.00%"
"12/24/2020","76.80","76.80","76.80","76.80","0.00%"
"12/23/2020","76.80","76.80","76.80","76.80","0.00%"
"12/22/2020","76.80","76.80","76.80","76.80","-0.01%"
"12/21/2020","76.81","76.80","76.81","76.80","0.01%"
"12/18/2020","76.80","76.80","76.80","76.80","0.00%"
"12/17/2020","76.80","76.80","76.80","76.80","0.00%"
"12/16/2020","76.80","76.80","76.80","76.80","0.00%"
"12/15/2020","76.80","76.79","76.80","76.79","0.01%"
"12/14/2020","76.79","76.81","76.81","76.79","-0.03%"
"12/11/2020","76.81","76.80","76.81","76.80","0.00%"
"12/10/2020","76.81","76.82","76.82","76.81","0.00%"
"12/09/2020","76.81","76.81","76.81","76.81","-0.01%"
"12/08/2020","76.82","76.81","76.82","76.81","0.00%"
"12/07/2020","76.82","76.82","76.82","76.82","0.01%"
"12/04/2020","76.81","76.81","76.81","76.81","-0.01%"
"12/03/2020","76.82","76.82","76.82","76.82","0.00%"
"12/02/2020","76.82","76.82","76.82","76.82","0.00%"
"12/01/2020","76.82","76.82","76.82","76.82","-0.01%"
"11/30/2020","76.83","76.83","76.83","76.83","-0.01%"
"11/27/2020","76.84","76.84","76.84","76.84","0.01%"
"11/26/2020","76.83","76.83","76.83","76.83","-0.01%"
"11/25/2020","76.84","76.84","76.84","76.84","0.01%"
"11/24/2020","76.83","76.83","76.83","76.83","0.00%"
"11/23/2020","76.83","76.83","76.83","76.83","-0.01%"
"11/20/2020","76.84","76.84","76.84","76.84","0.00%"
"11/19/2020","76.84","76.84","76.84","76.84","0.00%"
"11/18/2020","76.84","76.84","76.84","76.84","-0.01%"
"11/17/2020","76.85","76.84","76.85","76.84","0.01%"
"11/16/2020","76.84","76.85","76.85","76.84","0.00%"
"11/13/2020","76.84","76.85","76.85","76.84","-0.01%"
"11/12/2020","76.85","76.85","76.85","76.85","0.00%"
"11/11/2020","76.85","76.85","76.85","76.85","0.01%"
"11/10/2020","76.84","76.84","76.84","76.84","-0.03%"
"09/21/2020","76.86","75.66","76.86","75.66","1.59%"
"09/17/2020","75.66","75.66","75.66","75.66","0.00%"
"09/16/2020","75.66","75.66","75.66","75.66","0.00%"
"09/15/2020","75.66","75.66","75.66","75.66","0.00%"
"09/14/2020","75.66","75.66","75.66","75.66","0.00%"
"09/11/2020","75.66","75.66","75.66","75.66","0.00%"
"09/10/2020","75.66","75.66","75.66","75.66","0.00%"
"09/09/2020","75.66","75.66","75.66","75.66","-0.01%"
"09/08/2020","75.67","75.66","75.67","75.66","0.01%"
"09/07/2020","75.66","75.66","75.66","75.66","0.00%"
"09/04/2020","75.66","75.66","75.66","75.66","-0.01%"
"08/27/2020","75.67","75.67","75.67","75.67","-0.03%"
"07/24/2020","75.69","75.69","75.69","75.69","-0.01%"
"07/10/2020","75.70","75.73","75.73","75.70","0.00%"
"07/09/2020","75.70","75.73","75.73","75.70","-0.03%"
"06/12/2020","75.72","75.72","75.72","75.72","-0.01%"
"06/11/2020","75.73","75.73","75.73","75.73","0.00%"
"06/10/2020","75.73","75.73","75.73","75.73","-0.01%"
"06/09/2020","75.74","75.74","75.74","75.74","1.50%"
"03/06/2020","74.62","74.61","74.62","74.61","0.09%"
"03/05/2020","74.55","74.53","74.55","74.53","-0.01%"
"03/04/2020","74.56","74.57","74.57","74.56","0.03%"
"03/03/2020","74.54","74.53","74.54","74.53","-0.08%"
"03/02/2020","74.60","74.58","74.60","74.58","0.03%"
"02/28/2020","74.58","74.58","74.58","74.58","0.05%"
"02/27/2020","74.54","74.53","74.54","74.53","0.08%"
"02/26/2020","74.48","74.50","74.50","74.48","-0.03%"
"02/25/2020","74.50","74.49","74.50","74.49","-0.07%"
"02/24/2020","74.55","74.56","74.56","74.55","0.05%"
"02/21/2020","74.51","74.52","74.52","74.51","0.00%"
"02/20/2020","74.51","74.51","74.51","74.51","0.01%"
"02/19/2020","74.50","74.50","74.50","74.50","-0.03%"
"02/18/2020","74.52","74.52","74.52","74.52","0.03%"
"02/17/2020","74.50","74.50","74.50","74.50","-0.01%"
"02/14/2020","74.51","74.52","74.52","74.51","-0.01%"
"02/13/2020","74.52","74.52","74.52","74.52","0.05%"
"02/12/2020","74.48","74.48","74.48","74.48","0.00%"
"02/11/2020","74.48","74.48","74.48","74.48","-0.04%"
"02/10/2020","74.51","74.52","74.52","74.51","-0.01%"
"02/07/2020","74.52","74.52","74.52","74.52","0.01%"
"02/06/2020","74.51","74.50","74.51","74.50","0.03%"
"02/05/2020","74.49","74.51","74.51","74.49","0.00%"
"02/04/2020","74.49","74.49","74.49","74.49","-0.01%"
"02/03/2020","74.50","74.50","74.50","74.50","-0.04%"
"01/31/2020","74.53","74.52","74.53","74.52","-0.01%"
"01/30/2020","74.54","74.54","74.54","74.54","0.01%"
"01/29/2020","74.53","74.53","74.53","74.53","0.01%"
"01/28/2020","74.52","74.52","74.52","74.52","-0.05%"
"01/27/2020","74.56","74.55","74.56","74.55","0.05%"
"01/24/2020","74.52","74.52","74.52","74.52","-0.01%"
"01/23/2020","74.53","74.54","74.54","74.53","0.01%"
"01/22/2020","74.52","74.52","74.52","74.52","-0.03%"
"01/21/2020","74.54","74.54","74.54","74.54","0.01%"
"01/20/2020","74.53","74.53","74.53","74.53","0.00%"
"01/17/2020","74.53","74.53","74.53","74.53","0.00%"
"01/16/2020","74.53","74.52","74.53","74.52","-0.03%"
"01/15/2020","74.55","74.54","74.55","74.54","0.01%"
"01/14/2020","74.54","74.54","74.54","74.54","0.01%"
"01/13/2020","74.53","74.53","74.53","74.53","-0.01%"
"01/10/2020","74.54","74.54","74.54","74.54","0.01%"
"01/09/2020","74.53","74.53","74.53","74.53","-0.03%"
"01/08/2020","74.55","74.55","74.55","74.55","0.00%"
"01/07/2020","74.55","74.54","74.55","74.54","0.00%"
"01/06/2020","74.55","74.55","74.55","74.55","-0.04%"
"01/03/2020","74.58","74.58","74.58","74.58","0.04%"
"01/02/2020","74.55","74.55","74.55","74.54","0.00%"
"01/01/2020","74.55","74.55","74.55","74.55","0.00%"
"12/31/2019","74.55","74.54","74.55","74.54","0.01%"
"12/30/2019","74.54","74.55","74.55","74.54","-0.01%"
"12/27/2019","74.55","74.56","74.56","74.55","0.01%"
"12/26/2019","74.54","74.55","74.55","74.54","-0.01%"
"12/25/2019","74.55","74.55","74.55","74.55","-0.01%"
"12/24/2019","74.56","74.56","74.56","74.56","0.01%"
"12/23/2019","74.55","74.56","74.56","74.55","0.00%"
"12/20/2019","74.55","74.54","74.55","74.54","0.01%"
"12/19/2019","74.54","74.55","74.55","74.54","-0.03%"
"12/18/2019","74.56","74.56","74.56","74.56","0.00%"
"12/17/2019","74.56","74.57","74.57","74.56","0.03%"
"12/16/2019","74.54","74.55","74.55","74.54","-0.03%"
"12/13/2019","74.56","74.56","74.56","74.56","0.00%"
"12/12/2019","74.56","74.56","74.56","74.56","-0.01%"
"12/11/2019","74.57","74.57","74.57","74.57","0.00%"
"12/10/2019","74.57","74.56","74.57","74.56","0.00%"
"12/09/2019","74.57","74.57","74.57","74.57","0.00%"
"12/06/2019","74.57","74.56","74.57","74.56","0.01%"
"12/05/2019","74.56","74.56","74.56","74.56","0.01%"
"12/04/2019","74.55","74.57","74.57","74.55","-0.04%"
"12/03/2019","74.58","74.56","74.58","74.56","0.04%"
"12/02/2019","74.55","74.54","74.55","74.54","-0.03%"
"11/29/2019","74.57","74.57","74.57","74.57","0.00%"
"11/28/2019","74.57","74.58","74.58","74.57","0.01%"
"11/27/2019","74.56","74.57","74.57","74.56","-0.01%"
"11/26/2019","74.57","74.58","74.58","74.57","0.01%"
"11/25/2019","74.56","74.56","74.56","74.56","-0.03%"
"11/22/2019","74.58","74.57","74.58","74.57","0.03%"
"11/21/2019","74.56","74.56","74.56","74.56","-0.04%"
"11/20/2019","74.59","74.60","74.60","74.59","0.03%"
"11/19/2019","74.57","74.56","74.57","74.56","0.00%"
"11/18/2019","74.57","74.56","74.57","74.56","0.00%"
"11/15/2019","74.57","74.57","74.57","74.57","-0.04%"
"11/14/2019","74.60","74.60","74.60","74.60","0.00%"
"11/13/2019","74.60","74.58","74.60","74.58","0.03%"
"11/12/2019","74.58","74.58","74.58","74.58","-0.03%"
"11/11/2019","74.60","74.59","74.60","74.59","0.03%"
"11/08/2019","74.58","74.59","74.59","74.58","0.04%"
"11/07/2019","74.55","74.57","74.57","74.55","-0.05%"
"11/06/2019","74.59","74.58","74.59","74.58","0.03%"
"11/05/2019","74.57","74.57","74.57","74.57","0.01%"
"11/04/2019","74.56","74.55","74.56","74.55","-0.03%"
"11/01/2019","74.58","74.58","74.58","74.58","-0.04%"
"10/31/2019","74.61","74.60","74.61","74.60","0.01%"
"10/30/2019","74.60","74.59","74.60","74.59","0.00%"
"10/29/2019","74.60","74.60","74.60","74.60","0.04%"
"10/28/2019","74.57","74.57","74.57","74.57","-0.04%"
"10/25/2019","74.60","74.60","74.60","74.60","-0.01%"
"10/24/2019","74.61","74.60","74.61","74.60","0.00%"
"10/23/2019","74.61","74.61","74.61","74.61","0.00%"
"10/22/2019","74.61","74.61","74.61","74.61","0.04%"
"10/21/2019","74.58","74.57","74.58","74.57","0.00%"
"10/18/2019","74.58","74.59","74.59","74.58","-0.01%"
"10/17/2019","74.59","74.56","74.59","74.56","-0.04%"
"10/16/2019","74.62","74.63","74.63","74.62","0.00%"
"10/15/2019","74.62","74.62","74.62","74.62","-0.01%"
"10/14/2019","74.63","74.62","74.63","74.62","0.09%"
"10/11/2019","74.56","74.59","74.59","74.56","-0.05%"
"10/10/2019","74.60","74.60","74.60","74.60","0.01%"
"10/09/2019","74.59","74.60","74.60","74.59","-0.04%"
"10/08/2019","74.62","74.60","74.62","74.60","0.04%"
"10/07/2019","74.59","74.61","74.61","74.59","-0.03%"
"10/04/2019","74.61","74.61","74.61","74.61","-0.01%"
"10/03/2019","74.62","74.61","74.62","74.61","0.00%"
"10/02/2019","74.62","74.61","74.62","74.61","0.07%"
"10/01/2019","74.57","74.57","74.57","74.57","-0.01%"
"09/30/2019","74.58","74.58","74.58","74.58","0.00%"
"09/27/2019","74.58","74.59","74.59","74.58","-0.03%"
"09/26/2019","74.60","74.61","74.61","74.60","-0.01%"
"09/25/2019","74.61","74.61","74.61","74.61","0.00%"
"09/24/2019","74.61","74.60","74.61","74.60","-0.01%"
"09/23/2019","74.62","74.62","74.62","74.62","0.01%"
"09/20/2019","74.61","74.61","74.61","74.61","1.65%"
"09/19/2019","73.40","73.40","73.40","73.40","0.00%"
"09/18/2019","73.40","73.40","73.40","73.40","-0.03%"
"09/17/2019","73.42","73.41","73.42","73.41","-0.01%"
"09/16/2019","73.43","73.41","73.43","73.41","0.00%"
"09/13/2019","73.43","73.39","73.43","73.39","0.00%"
"09/12/2019","73.43","73.40","73.43","73.40","0.04%"
"09/11/2019","73.40","73.39","73.40","73.39","0.01%"
"09/10/2019","73.39","73.40","73.40","73.39","0.00%"
"09/09/2019","73.39","73.39","73.39","73.39","0.03%"
"09/06/2019","73.37","73.38","73.38","73.37","-6.28%"
"09/05/2019","78.29","78.30","78.30","78.29","-0.05%"
"09/04/2019","78.33","78.33","78.33","78.33","0.00%"
"09/03/2019","78.33","78.33","78.33","78.33","0.01%"
"09/02/2019","78.32","78.32","78.32","78.32","0.01%"
"08/30/2019","78.31","78.31","78.31","78.31","0.00%"
"08/29/2019","78.31","78.32","78.33","78.31","-0.03%"
"08/28/2019","78.33","78.32","78.33","78.32","0.00%"
"08/27/2019","78.33","78.33","78.33","78.33","0.00%"
"08/26/2019","78.33","78.32","78.33","78.32","0.01%"
"08/23/2019","78.32","78.30","78.32","78.30","0.01%"
"08/22/2019","78.31","78.32","78.32","78.31","0.01%"
"08/21/2019","78.30","78.30","78.30","78.30","-0.05%"
"08/20/2019","78.34","78.30","78.34","78.30","0.05%"
"08/19/2019","78.30","78.30","78.30","78.30","-0.01%"
"08/16/2019","78.31","78.30","78.31","78.30","-0.05%"
"08/15/2019","78.35","78.33","78.35","78.33","0.00%"
"08/14/2019","78.35","78.33","78.35","78.33","0.04%"
"08/13/2019","78.32","78.32","78.32","78.32","-0.03%"
"08/12/2019","78.34","78.34","78.34","78.34","0.03%"
"08/09/2019","78.32","78.32","78.32","78.32","0.01%"
"08/08/2019","78.31","78.31","78.31","78.31","-0.08%"
"08/07/2019","78.37","75.40","78.37","75.40","0.06%"
"08/06/2019","78.32","78.33","78.33","78.32","-0.08%"
"08/05/2019","78.38","78.39","78.39","78.38","3.97%"
"08/02/2019","75.39","75.40","75.40","75.39","0.07%"
"08/01/2019","75.34","75.34","75.34","75.34","-0.04%"
"07/31/2019","75.37","75.37","75.37","75.37","-0.01%"
"07/30/2019","75.38","75.38","75.38","75.38","-0.01%"
"07/29/2019","75.39","75.38","75.39","75.38","0.01%"
"07/26/2019","75.38","75.37","75.38","75.37","-11.56%"
"07/25/2019","85.23","85.23","85.23","85.23","0.01%"
"07/24/2019","85.22","85.23","85.23","85.22","0.00%"
"07/23/2019","85.22","85.22","85.22","85.22","0.00%"
"07/22/2019","85.22","85.22","85.22","85.22","0.01%"
"07/19/2019","85.21","85.21","85.21","85.21","-0.01%"
"07/18/2019","85.22","85.22","85.22","85.22","0.00%"
"07/17/2019","85.22","85.21","85.22","85.21","-10.36%"
"07/16/2019","95.07","95.07","95.07","95.07","0.00%"
"07/15/2019","95.07","95.07","95.07","95.07","0.00%"
"07/12/2019","95.07","95.07","95.07","95.07","0.00%"
"07/11/2019","95.07","95.07","95.07","95.07","0.01%"
"07/10/2019","95.06","95.07","95.07","95.06","-0.01%"
"07/09/2019","95.07","95.07","95.07","95.07","0.00%"
"07/08/2019","95.07","95.07","95.07","95.07","0.01%"
"07/05/2019","95.06","95.07","95.07","95.06","-0.01%"
"07/04/2019","95.07","95.07","95.07","95.07","0.00%"
"07/03/2019","95.07","95.08","95.08","95.07","0.00%"
"07/02/2019","95.07","95.07","95.07","95.07","0.00%"
"07/01/2019","95.07","95.07","95.07","95.07","0.00%"
"06/28/2019","95.07","95.07","95.07","95.07","0.00%"
"06/27/2019","95.07","95.07","95.07","95.07","0.01%"
"06/26/2019","95.06","95.06","95.06","95.06","-0.01%"
"06/25/2019","95.07","95.07","95.07","95.07","0.00%"
"06/24/2019","95.07","95.07","95.07","95.07","0.00%"
"06/21/2019","95.07","95.06","95.07","95.06","0.00%"
"06/20/2019","95.07","95.07","95.07","95.07","0.00%"
"06/19/2019","95.07","95.07","95.07","95.07","-0.01%"
"06/18/2019","95.08","95.07","95.08","95.07","0.02%"
"06/17/2019","95.06","95.07","95.07","95.06","-0.01%"
"06/14/2019","95.07","95.07","95.07","95.07","0.00%"
"06/13/2019","95.07","95.07","95.07","95.07","0.00%"
"06/12/2019","95.07","95.07","95.07","95.07","0.00%"
"06/11/2019","95.07","95.07","95.07","95.07","0.01%"
"06/10/2019","95.06","95.07","95.07","95.06","-0.01%"
"06/07/2019","95.07","95.07","95.07","95.07","0.00%"
"06/06/2019","95.07","95.07","95.07","95.07","0.00%"
"06/05/2019","95.07","95.06","95.07","95.06","0.01%"
"06/04/2019","95.06","95.06","95.06","95.06","-0.01%"
"06/03/2019","95.07","95.08","95.08","95.07","-0.01%"
"05/31/2019","95.08","95.08","95.08","95.08","0.01%"
"05/30/2019","95.07","95.07","95.07","95.07","0.00%"
"05/29/2019","95.07","95.07","95.07","95.07","0.00%"
"05/28/2019","95.07","95.07","95.07","95.07","0.00%"
"05/27/2019","95.07","95.07","95.07","95.07","0.00%"
"05/24/2019","95.07","95.07","95.07","95.07","0.00%"
"05/23/2019","95.07","95.07","95.07","95.07","0.00%"
"05/22/2019","95.07","95.07","95.07","95.07","0.00%"
"05/21/2019","95.07","95.07","95.07","95.07","0.00%"
"05/20/2019","95.07","95.07","95.07","95.07","0.00%"
"05/17/2019","95.07","95.07","95.07","95.07","0.00%"
"05/16/2019","95.07","95.07","95.07","95.07","0.00%"
"05/15/2019","95.07","95.07","95.07","95.07","0.00%"
"05/14/2019","95.07","95.07","95.07","95.07","-0.01%"
"05/13/2019","95.08","95.07","95.08","95.07","0.01%"
"05/10/2019","95.07","95.07","95.07","95.07","-0.01%"
"05/09/2019","95.08","95.07","95.08","95.07","0.01%"
"05/08/2019","95.07","95.07","95.07","95.07","-0.01%"
"05/07/2019","95.08","95.07","95.08","95.07","0.00%"
"05/06/2019","95.08","95.08","95.08","95.08","0.01%"
"05/03/2019","95.07","95.07","95.07","95.07","0.00%"
"05/02/2019","95.07","95.07","95.07","95.07","0.00%"
"05/01/2019","95.07","95.07","95.07","95.07","0.00%"
"04/30/2019","95.07","95.07","95.07","95.07","0.00%"
"04/29/2019","95.07","95.07","95.07","95.07","0.00%"
"04/26/2019","95.07","95.08","95.08","95.07","0.00%"
"04/25/2019","95.07","95.07","95.07","95.07","-0.01%"
"04/24/2019","95.08","95.07","95.08","95.07","0.01%"
"04/23/2019","95.07","95.07","95.07","95.07","0.00%"
"04/22/2019","95.07","95.07","95.07","95.07","0.00%"
"04/19/2019","95.07","95.07","95.07","95.07","-0.01%"
"04/18/2019","95.08","95.08","95.08","95.08","0.01%"
"04/17/2019","95.07","95.07","95.07","95.07","0.00%"
"04/16/2019","95.07","95.07","95.07","95.07","0.00%"
"04/15/2019","95.07","95.07","95.07","95.07","0.00%"
"04/12/2019","95.07","95.07","95.07","95.07","0.00%"
"04/11/2019","95.07","95.07","95.07","95.07","0.00%"
"04/10/2019","95.07","95.07","95.07","95.07","0.00%"
"04/09/2019","95.07","95.07","95.07","95.07","0.00%"
"04/08/2019","95.07","95.07","95.07","95.07","0.00%"
"04/05/2019","95.07","95.07","95.07","95.07","-0.01%"
"04/04/2019","95.08","95.08","95.08","95.08","0.01%"
"04/03/2019","95.07","95.07","95.07","95.07","-0.01%"
"04/02/2019","95.08","95.08","95.08","95.08","0.01%"
"04/01/2019","95.07","95.07","95.07","95.07","0.00%"
"03/29/2019","95.07","95.07","95.07","95.07","0.00%"
"03/28/2019","95.07","95.07","95.07","95.07","-0.01%"
"03/27/2019","95.08","95.08","95.08","95.08","0.01%"
"03/26/2019","95.07","95.07","95.07","95.07","-0.01%"
"03/25/2019","95.08","95.07","95.08","95.07","0.00%"
"03/22/2019","95.08","95.08","95.08","95.08","0.00%"
"03/21/2019","95.08","95.08","95.08","95.08","0.00%"
"03/20/2019","95.08","95.08","95.08","95.08","0.01%"
"03/19/2019","95.07","95.07","95.07","95.07","0.01%"
"03/18/2019","95.06","95.07","95.07","95.06","-0.01%"
"03/15/2019","95.07","95.07","95.07","95.07","0.01%"
"03/14/2019","95.06","95.06","95.06","95.06","0.00%"
"03/13/2019","95.06","95.06","95.06","95.06","0.00%"
"03/12/2019","95.06","95.06","95.06","95.06","0.00%"
"03/11/2019","95.06","95.06","95.06","95.06","-0.01%"
"03/08/2019","95.07","95.07","95.07","95.07","0.01%"
"03/07/2019","95.06","80.28","95.06","80.28","0.00%"
"03/06/2019","95.06","95.07","95.07","95.06","0.00%"
"03/05/2019","95.06","95.06","95.06","95.06","-0.01%"
"03/04/2019","95.07","95.07","95.07","95.07","0.01%"
"03/01/2019","95.06","95.06","95.06","95.06","18.41%"
"02/28/2019","80.28","80.28","80.28","80.28","0.00%"
"02/27/2019","80.28","80.28","80.28","80.28","-0.01%"
"02/26/2019","80.29","80.28","80.29","80.28","0.01%"
"02/25/2019","80.28","80.28","80.28","80.28","0.00%"
"02/22/2019","80.28","80.28","80.28","80.28","0.01%"
"02/21/2019","80.27","80.29","80.29","80.27","-0.02%"
"02/20/2019","80.29","80.29","80.29","80.29","-0.01%"
"02/19/2019","80.30","80.29","80.30","80.29","0.01%"
"02/18/2019","80.29","80.30","80.30","80.29","0.00%"
"02/15/2019","80.29","80.30","80.30","80.29","-0.01%"
"02/14/2019","80.30","80.30","80.30","80.30","0.01%"
"02/13/2019","80.29","80.29","80.29","80.29","-0.07%"
"11/01/2018","80.35","80.35","80.35","80.35","0.01%"
"10/31/2018","80.34","80.34","80.34","80.34","0.01%"
"10/08/2018","80.33","80.33","80.33","80.33","-0.02%"
"09/28/2018","80.35","80.35","80.35","80.35","0.00%"
"09/27/2018","80.35","80.35","80.35","80.35","0.00%"
"09/26/2018","80.35","80.35","80.35","80.35","0.02%"
"09/25/2018","80.33","80.33","80.33","80.33","0.00%"
"09/24/2018","80.33","80.33","80.33","80.33","0.00%"
"09/21/2018","80.33","80.33","80.33","80.33","0.00%"
"09/20/2018","80.33","80.34","80.34","80.33","0.07%"
"09/19/2018","80.27","80.27","80.27","80.27","-0.01%"
"09/18/2018","80.28","80.28","80.28","80.28","-0.01%"
"09/17/2018","80.29","80.29","80.29","80.29","0.01%"
"09/14/2018","80.28","80.29","80.29","80.28","0.00%"
"09/13/2018","80.28","80.28","80.28","80.28","-0.02%"
"09/12/2018","80.30","80.30","80.30","80.30","0.01%"
"09/11/2018","80.29","80.29","80.29","80.29","0.00%"
"09/10/2018","80.29","80.29","80.29","80.29","0.00%"
"09/07/2018","80.29","80.29","80.29","80.29","0.00%"
"09/06/2018","80.29","80.29","80.29","80.29","-0.01%"
"09/05/2018","80.30","80.30","80.30","80.30","0.01%"
"09/04/2018","80.29","80.29","80.29","80.29","-0.01%"
"09/03/2018","80.30","80.30","80.30","80.30","0.00%"
"08/31/2018","80.30","80.30","80.30","80.30","0.00%"
"08/30/2018","80.30","80.30","80.30","80.30","0.00%"
"08/29/2018","80.30","80.30","80.30","80.30","0.00%"
"08/28/2018","80.30","80.30","80.30","80.30","0.00%"
"08/27/2018","80.30","80.30","80.30","80.30","0.01%"
"08/24/2018","80.29","80.29","80.29","80.29","0.00%"
"08/23/2018","80.29","80.30","80.30","80.29","-0.02%"
"08/22/2018","80.31","80.31","80.31","80.31","0.01%"
"08/21/2018","80.30","80.30","80.30","80.30","0.00%"
"08/20/2018","80.30","80.30","80.30","80.30","-0.01%"
"08/17/2018","80.31","80.30","80.31","80.30","0.01%"
"08/16/2018","80.30","80.30","80.30","80.30","0.00%"
"08/15/2018","80.30","80.30","80.30","80.30","0.01%"
"08/14/2018","80.29","80.29","80.29","80.29","-0.06%"
"08/13/2018","80.34","80.34","80.34","80.34","0.02%"
"08/10/2018","80.32","80.32","80.32","80.32","0.01%"
"08/09/2018","80.31","80.32","80.32","80.31","-0.01%"
"08/08/2018","80.32","80.32","80.32","80.32","0.01%"
"08/07/2018","80.31","80.32","80.32","80.31","-0.01%"
"08/06/2018","80.32","80.32","80.32","80.32","0.00%"
"08/03/2018","80.32","80.32","80.32","80.32","0.00%"
"08/02/2018","80.32","80.32","80.32","80.32","0.01%"
"08/01/2018","80.31","80.31","80.31","80.31","-0.01%"
"07/31/2018","80.32","80.32","80.32","80.32","0.01%"
"07/30/2018","80.31","80.31","80.31","80.31","-0.01%"
"07/27/2018","80.32","80.32","80.32","80.32","0.00%"
"07/26/2018","80.32","80.32","80.32","80.32","0.00%"
"07/25/2018","80.32","80.32","80.32","80.32","0.00%"
"07/24/2018","80.32","80.33","80.33","80.32","-0.01%"
"07/23/2018","80.33","80.33","80.33","80.33","0.02%"
"07/20/2018","80.31","80.32","80.32","80.31","-0.01%"
"07/19/2018","80.32","80.31","80.32","80.31","-0.01%"
"07/18/2018","80.33","80.32","80.33","80.32","0.01%"
"07/17/2018","80.32","80.32","80.32","80.32","0.00%"
"07/16/2018","80.32","80.32","80.32","80.32","-0.01%"
"07/13/2018","80.33","80.33","80.33","80.33","-0.01%"
"07/11/2018","80.34","80.34","80.34","80.34","0.02%"
"07/05/2018","80.32","80.32","80.32","80.32","-0.01%"
"07/04/2018","80.33","80.35","80.35","80.33","-0.01%"
"07/03/2018","80.34","80.32","80.34","80.32","-0.01%"
"07/02/2018","80.35","80.34","80.35","80.34","0.02%"
"06/29/2018","80.33","80.33","80.33","80.33","0.00%"
"06/28/2018","80.33","80.35","80.35","80.33","-0.02%"
"06/27/2018","80.35","80.34","80.35","80.34","0.02%"
"06/26/2018","80.33","80.34","80.34","80.33","-0.01%"
"06/25/2018","80.34","80.34","80.34","80.34","0.02%"
"06/22/2018","80.32","80.34","80.34","80.32","-0.02%"
"06/21/2018","80.34","80.32","80.34","80.32","0.00%"
"06/20/2018","80.34","80.35","80.35","80.34","-0.02%"
"06/19/2018","80.36","80.34","80.36","80.34","0.02%"
"06/18/2018","80.34","80.34","80.34","80.34","-0.01%"
"06/15/2018","80.35","80.35","80.35","80.35","0.00%"
"06/14/2018","80.35","80.33","80.35","80.33","0.00%"
"06/13/2018","80.35","80.34","80.35","80.34","0.00%"
"06/12/2018","80.35","80.34","80.35","80.34","0.01%"
"06/11/2018","80.34","80.35","80.35","80.34","-0.02%"
"06/08/2018","80.36","80.37","80.37","80.36","0.01%"
"06/07/2018","80.35","80.36","80.36","80.35","0.00%"
"06/06/2018","80.35","80.36","80.36","80.35","-0.01%"
"06/05/2018","80.36","80.33","80.36","80.33","0.02%"
"06/04/2018","80.34","80.35","80.35","80.34","0.00%"
"06/01/2018","80.34","80.34","80.34","80.34","0.00%"
"05/31/2018","80.34","80.31","80.34","80.31","0.01%"
"05/30/2018","80.33","80.43","80.43","80.33","-0.07%"
"05/29/2018","80.39","80.35","80.39","80.35","0.06%"
"05/28/2018","80.34","80.35","80.35","80.34","-0.02%"
"05/25/2018","80.36","80.36","80.36","80.36","0.00%"
"05/24/2018","80.36","80.36","80.36","80.36","0.01%"
"05/18/2018","80.35","80.35","80.35","80.35","0.00%"
"05/17/2018","80.35","80.35","80.35","80.35","0.00%"
"05/16/2018","80.35","80.35","80.35","80.35","0.00%"
"05/15/2018","80.35","80.35","80.35","80.35","0.00%"
"05/14/2018","80.35","80.35","80.35","80.35","-0.01%"
"05/11/2018","80.36","80.36","80.36","80.36","0.01%"
"05/10/2018","80.35","80.35","80.35","80.35","0.00%"
"05/09/2018","80.35","80.35","80.35","80.35","-0.01%"
"05/08/2018","80.36","80.36","80.36","80.36","-0.01%"
"05/07/2018","80.37","80.37","80.37","80.37","-0.01%"
"05/04/2018","80.38","80.38","80.38","80.38","0.01%"
"05/03/2018","80.37","80.34","80.37","80.34","0.01%"
"05/02/2018","80.36","80.36","80.36","80.36","0.00%"
"05/01/2018","80.36","80.36","80.36","80.36","-0.01%"
"04/30/2018","80.37","80.37","80.37","80.37","-0.01%"
"04/27/2018","80.38","80.38","80.38","80.38","0.02%"
"04/26/2018","80.36","80.36","80.36","80.36","-0.01%"
"04/25/2018","80.37","80.37","80.37","80.37","0.00%"
"04/24/2018","80.37","80.37","80.37","80.37","-0.01%"
"04/23/2018","80.38","80.38","80.38","80.38","0.01%"
"04/20/2018","80.37","80.37","80.37","80.37","0.01%"
"04/19/2018","80.36","80.36","80.36","80.36","-0.02%"
"04/18/2018","80.38","80.38","80.38","80.38","0.00%"
"04/17/2018","80.38","80.38","80.38","80.38","0.00%"
"04/16/2018","80.38","80.38","80.38","80.38","0.00%"
"04/13/2018","80.38","80.35","80.38","80.35","0.00%"
"04/12/2018","80.38","80.38","80.38","80.38","0.00%"
"04/11/2018","80.38","80.37","80.38","80.37","0.01%"
"04/10/2018","80.37","80.38","80.38","80.37","0.00%"
"04/09/2018","80.37","80.38","80.38","80.37","-0.01%"
"04/06/2018","80.38","80.37","80.38","80.37","0.01%"
"04/05/2018","80.37","80.37","80.37","80.37","-0.01%"
"04/04/2018","80.38","80.36","80.38","80.36","0.02%"
"04/03/2018","80.36","80.38","80.38","80.36","0.00%"
"04/02/2018","80.36","80.37","80.37","80.36","-0.01%"
"03/30/2018","80.37","80.37","80.37","80.37","0.00%"
"03/29/2018","80.37","80.38","80.38","80.37","-0.01%"
"03/28/2018","80.38","80.38","80.38","80.38","0.00%"
"03/27/2018","80.38","80.38","80.38","80.38","0.01%"
"03/26/2018","80.37","80.38","80.38","80.37","-0.02%"
"03/23/2018","80.39","80.33","80.39","80.33","0.00%"
"03/22/2018","80.39","80.33","80.39","80.33","0.00%"
"03/21/2018","80.39","80.33","80.39","80.33","0.01%"
"03/20/2018","80.38","80.33","80.38","80.33","0.06%"
"03/19/2018","80.33","80.33","80.33","80.33","0.00%"
"03/16/2018","80.33","80.33","80.33","80.33","-0.01%"
"03/15/2018","80.34","80.33","80.34","80.33","0.00%"
"03/14/2018","80.34","80.33","80.34","80.33","0.01%"
"03/13/2018","80.33","80.33","80.33","80.33","0.01%"
"03/12/2018","80.32","80.33","80.33","80.32","0.01%"
"03/09/2018","80.31","80.33","80.33","80.31","-0.01%"
"03/08/2018","80.32","80.33","80.33","80.32","0.00%"
"03/07/2018","80.32","80.33","80.33","80.32","0.01%"
"03/06/2018","80.31","80.33","80.33","80.31","-0.01%"
"03/05/2018","80.32","80.33","80.33","80.32","0.01%"
"03/02/2018","80.31","80.33","80.33","80.31","-0.02%"
"03/01/2018","80.33","80.33","80.33","80.33","0.01%"
"02/28/2018","80.32","80.30","80.32","80.30","0.00%"
"02/27/2018","80.32","80.33","80.33","80.32","-0.01%"
"02/26/2018","80.33","80.32","80.33","80.32","-0.01%"
"02/23/2018","80.34","80.34","80.34","80.34","0.00%"
"02/22/2018","80.34","80.31","80.34","80.31","0.01%"
"02/21/2018","80.33","80.32","80.33","80.32","0.02%"
"02/20/2018","80.31","80.32","80.32","80.31","-0.02%"
"02/19/2018","80.33","80.33","80.33","80.33","0.00%"
"02/16/2018","80.33","80.32","80.33","80.32","0.02%"
"02/15/2018","80.31","80.28","80.31","80.28","-0.01%"
"02/14/2018","80.32","80.32","80.32","80.32","-0.01%"
"02/13/2018","80.33","80.32","80.33","80.32","0.02%"
"02/12/2018","80.31","80.33","80.33","80.31","0.00%"
"02/09/2018","80.31","80.33","80.33","80.31","-0.01%"
"02/08/2018","80.32","80.30","80.32","80.30","0.00%"
"02/07/2018","80.32","80.29","80.32","80.29","0.01%"
"02/06/2018","80.31","80.36","80.36","80.31","0.00%"
"02/05/2018","80.31","80.30","80.31","80.30","0.01%"
"02/02/2018","80.30","80.28","80.30","80.28","0.01%"
"02/01/2018","80.29","80.30","80.30","80.29","-0.01%"
"01/31/2018","80.30","80.30","80.30","80.30","0.02%"
"01/23/2018","80.28","80.27","80.28","80.27","0.00%"
"01/22/2018","80.28","80.28","80.28","80.28","-0.01%"
"01/19/2018","80.29","80.29","80.29","80.29","0.01%"
"01/18/2018","80.28","80.29","80.29","80.28","0.00%"
"01/17/2018","80.28","80.29","80.29","80.28","-0.01%"
"01/16/2018","80.29","80.29","80.29","80.29","0.00%"
"01/15/2018","80.29","80.29","80.29","80.29","0.00%"
"01/12/2018","80.29","80.29","80.29","80.29","0.00%"
"01/11/2018","80.29","80.29","80.29","80.29","0.00%"
"01/10/2018","80.29","80.28","80.29","80.28","0.00%"
"01/09/2018","80.29","80.29","80.29","80.29","0.00%"
"01/08/2018","80.29","80.29","80.29","80.29","0.01%"
"01/05/2018","80.28","80.27","80.28","80.27","0.00%"
"01/04/2018","80.28","80.28","80.28","80.28","-0.01%"
"01/03/2018","80.29","80.27","80.29","80.27","0.00%"
"01/02/2018","80.29","80.29","80.29","80.29","0.00%"
"01/01/2018","80.29","80.29","80.29","80.29","0.00%"
"12/29/2017","80.29","80.30","80.30","80.29","0.00%"
"12/28/2017","80.29","80.29","80.29","80.29","-0.01%"
"12/27/2017","80.30","80.30","80.30","80.30","0.00%"
"12/26/2017","80.30","80.30","80.30","80.30","0.00%"
"12/25/2017","80.30","80.30","80.30","80.30","0.00%"
"12/22/2017","80.30","80.29","80.30","80.29","0.00%"
"12/21/2017","80.30","80.29","80.30","80.29","0.01%"
"12/20/2017","80.29","80.28","80.29","80.28","0.00%"
"12/19/2017","80.29","80.29","80.29","80.29","0.01%"
"12/18/2017","80.28","80.29","80.29","80.28","-0.01%"
"12/15/2017","80.29","80.28","80.29","80.28","0.02%"
"12/14/2017","80.27","80.32","80.32","80.27","-0.02%"
"12/13/2017","80.29","80.29","80.29","80.29","0.00%"
"12/12/2017","80.29","80.28","80.29","80.28","0.00%"
"12/11/2017","80.29","80.29","80.29","80.29","0.01%"
"12/08/2017","80.28","80.29","80.29","80.28","0.00%"
"12/07/2017","80.28","80.30","80.30","80.28","-0.02%"
"12/06/2017","80.30","80.29","80.30","80.29","0.01%"
"12/05/2017","80.29","80.28","80.29","80.27","0.01%"
"12/04/2017","80.28","80.29","80.29","80.29","-0.01%"
"12/01/2017","80.29","80.27","80.29","80.27","0.01%"
"11/30/2017","80.28","80.27","80.28","80.27","-0.01%"
"11/29/2017","80.29","80.29","80.29","80.29","0.00%"
"11/28/2017","80.29","80.29","80.29","80.29","0.01%"
"11/27/2017","80.28","80.29","80.29","80.28","0.00%"
"11/24/2017","80.28","80.29","80.29","80.28","-0.01%"
"11/23/2017","80.29","80.31","80.31","80.29","-0.01%"
"11/22/2017","80.30","80.29","80.30","80.29","0.01%"
"11/21/2017","80.29","80.28","80.29","80.28","0.00%"
"11/20/2017","80.29","80.29","80.29","80.29","0.00%"
"11/17/2017","80.29","80.27","80.29","80.27","0.01%"
"11/16/2017","80.28","80.30","80.30","80.28","-0.04%"
"11/15/2017","80.31","80.30","80.31","80.30","0.02%"
"11/14/2017","80.29","80.28","80.29","80.28","0.00%"
"11/13/2017","80.29","80.29","80.29","80.29","0.01%"
"11/10/2017","80.28","80.29","80.29","80.28","-0.01%"
"11/09/2017","80.29","80.29","80.29","80.29","0.00%"
"11/08/2017","80.29","80.29","80.29","80.29","0.01%"
"11/07/2017","80.28","80.29","80.29","80.28","-0.01%"
"11/06/2017","80.29","80.29","80.29","80.29","0.00%"
"11/03/2017","80.29","80.30","80.30","80.29","0.00%"
"11/02/2017","80.29","80.28","80.29","80.28","0.00%"
"11/01/2017","80.29","80.28","80.29","80.28","0.00%"
"10/31/2017","80.29","80.31","80.31","80.29","-0.01%"
"10/30/2017","80.30","80.29","80.30","80.29","0.01%"
"10/27/2017","80.29","80.28","80.29","80.28","0.00%"
"10/26/2017","80.29","80.29","80.29","80.29","0.00%"
"10/25/2017","80.29","80.28","80.29","80.28","0.00%"
"10/24/2017","80.29","80.31","80.31","80.29","0.00%"
"10/23/2017","80.29","80.30","80.30","80.29","0.01%"
"10/20/2017","80.28","80.31","80.31","80.28","-0.02%"
"10/19/2017","80.30","80.29","80.30","80.29","0.01%"
"10/18/2017","80.29","80.29","80.29","80.29","0.00%"
"10/17/2017","80.29","80.31","80.31","80.29","0.00%"
"10/16/2017","80.29","80.31","80.31","80.29","-0.01%"
"10/13/2017","80.30","80.31","80.31","80.30","-0.01%"
"10/12/2017","80.31","80.31","80.31","80.31","0.00%"
"10/11/2017","80.31","80.31","80.31","80.31","0.00%"
"10/10/2017","80.31","80.31","80.31","80.31","0.00%"
"10/09/2017","80.31","80.31","80.31","80.31","0.01%"
"10/06/2017","80.30","80.30","80.30","80.30","-0.01%"
"10/05/2017","80.31","80.31","80.31","80.31","0.00%"
"10/04/2017","80.31","80.32","80.32","80.31","0.00%"
"10/03/2017","80.31","80.31","80.31","80.31","0.01%"
"10/02/2017","80.30","80.31","80.31","80.30","-0.01%"
"09/29/2017","80.31","80.32","80.32","80.31","0.01%"
"09/28/2017","80.30","80.30","80.30","80.30","0.01%"
"09/27/2017","80.29","80.30","80.30","80.29","-0.02%"
"09/26/2017","80.31","80.31","80.31","80.31","0.00%"
"09/25/2017","80.31","80.31","80.31","80.31","-0.01%"
"09/22/2017","80.32","80.30","80.32","80.30","0.01%"
"09/21/2017","80.31","80.29","80.31","80.29","0.00%"
"09/20/2017","80.31","80.31","80.31","80.31","0.06%"
"09/19/2017","80.26","80.25","80.26","80.25","0.00%"
"09/18/2017","80.26","80.26","80.26","80.26","0.01%"
"09/15/2017","80.25","80.25","80.25","80.25","-0.02%"
"09/14/2017","80.27","80.25","80.27","80.25","0.02%"
"09/13/2017","80.25","80.25","80.25","80.25","0.01%"
"09/12/2017","80.24","80.28","80.28","80.24","-0.02%"
"09/11/2017","80.26","80.28","80.28","80.26","-0.02%"
"09/08/2017","80.28","80.28","80.28","80.28","0.04%"
"09/07/2017","80.25","80.25","80.25","80.25","-0.06%"
"09/06/2017","80.30","80.30","80.30","80.30","0.02%"
"09/05/2017","80.28","80.28","80.28","80.28","0.01%"
"09/04/2017","80.27","80.27","80.27","80.27","-0.01%"
"09/01/2017","80.28","80.28","80.28","80.28","-0.01%"
"08/24/2017","80.29","80.29","80.29","80.29","0.04%"
"08/21/2017","80.26","80.26","80.26","80.26","0.00%"
"08/18/2017","80.26","80.26","80.26","80.26","0.00%"
"08/17/2017","80.26","80.26","80.26","80.26","0.00%"
"08/16/2017","80.26","80.26","80.26","80.26","-0.01%"
"08/15/2017","80.27","80.29","80.29","80.27","-0.01%"
"08/14/2017","80.28","80.29","80.29","80.28","-0.01%"
"08/11/2017","80.29","80.29","80.29","80.29","0.00%"
"08/10/2017","80.29","80.28","80.29","80.28","0.01%"
"08/09/2017","80.28","80.28","80.28","80.28","0.00%"
"08/08/2017","80.28","80.28","80.28","80.28","0.00%"
"08/07/2017","80.28","80.28","80.28","80.28","-0.01%"
"08/04/2017","80.29","80.29","80.29","80.29","0.02%"
"08/03/2017","80.27","80.27","80.27","80.27","-0.09%"
"05/03/2017","80.34","80.34","80.34","80.34","-40.94%"
"02/10/2017","136.03","136.03","136.03","136.03","0.06%"
"02/09/2017","135.95","135.99","135.99","135.95","0.00%"
"02/07/2017","135.95","135.95","135.95","135.95","-0.03%"
"02/06/2017","135.99","135.99","135.99","135.99","0.01%"
"02/03/2017","135.98","135.98","135.98","135.98","-0.01%"
"02/02/2017","136.00","136.00","136.00","136.00","0.02%"
"02/01/2017","135.97","135.97","135.97","135.97","-0.01%"
"01/31/2017","135.99","135.99","135.99","135.99","0.00%"
"01/30/2017","135.99","135.99","135.99","135.99","0.01%"
"01/27/2017","135.98","135.98","135.98","135.98","-0.02%"
"01/26/2017","136.01","136.01","136.01","136.01","-0.01%"
"01/25/2017","136.02","136.02","136.02","136.02","0.07%"
"01/24/2017","135.93","135.93","135.93","135.93","-0.03%"
"01/23/2017","135.97","135.97","135.97","135.97","0.01%"
"01/20/2017","135.96","135.96","135.96","135.96","-0.07%"
"01/19/2017","136.06","135.93","136.06","135.93","0.10%"
"01/18/2017","135.93","135.93","135.93","135.93","-0.03%"
"01/17/2017","135.97","135.97","135.97","135.97","-0.01%"
"01/16/2017","135.98","135.98","135.98","135.98","-0.01%"
"01/13/2017","135.99","135.99","135.99","135.99","0.01%"
"01/12/2017","135.98","135.98","135.98","135.98","0.00%"
"01/11/2017","135.98","135.98","135.98","135.98","0.01%"
"01/10/2017","135.97","135.97","135.97","135.97","-0.01%"
"01/09/2017","135.99","135.99","135.99","135.99","0.03%"
"01/06/2017","135.95","135.99","135.99","135.95","-0.03%"
"01/05/2017","135.99","135.99","135.99","135.99","-0.01%"
"01/04/2017","136.01","136.01","136.01","136.01","0.01%"
"01/02/2017","136.00","136.00","136.00","136.00","0.01%"
"12/30/2016","135.98","135.98","135.98","135.98","0.00%"
"12/29/2016","135.98","135.98","135.98","135.98","0.00%"
"12/28/2016","135.98","135.97","135.98","135.97","0.01%"
"12/27/2016","135.97","135.97","135.97","135.97","0.00%"
"12/26/2016","135.97","135.97","135.97","135.97","0.01%"
"12/23/2016","135.96","135.96","135.96","135.96","0.00%"
"12/22/2016","135.96","135.98","135.98","135.96","-0.01%"
"12/21/2016","135.98","135.98","135.98","135.98","0.04%"
"12/20/2016","135.93","135.97","135.97","135.93","-0.03%"
"12/19/2016","135.97","135.97","135.97","135.97","-0.04%"
"12/16/2016","136.02","135.99","136.02","135.99","0.02%"
"12/15/2016","135.99","135.99","135.99","135.99","0.01%"
"12/14/2016","135.98","135.98","135.98","135.98","0.00%"
"12/13/2016","135.98","135.98","135.98","135.98","0.00%"
"12/12/2016","135.98","135.98","135.98","135.98","-0.01%"
"12/09/2016","135.99","135.99","135.99","135.99","0.03%"
"12/08/2016","135.95","135.95","135.95","135.95","-0.01%"
"12/07/2016","135.97","135.96","135.97","135.96","0.01%"
"12/06/2016","135.96","135.96","135.96","135.96","0.00%"
"12/05/2016","135.96","135.96","135.96","135.96","-0.04%"
"12/02/2016","136.01","136.01","136.01","136.01","0.00%"
"12/01/2016","136.01","136.01","136.01","136.01","0.03%"
"11/30/2016","135.97","135.97","135.97","135.97","0.01%"
"11/29/2016","135.95","135.96","135.96","135.95","-0.01%"
"11/28/2016","135.96","135.96","135.96","135.96","-0.01%"
"11/25/2016","135.97","135.97","135.97","135.97","-0.02%"
"11/24/2016","136.00","136.00","136.00","136.00","0.05%"
"11/23/2016","135.93","135.93","135.93","135.93","0.00%"
"11/22/2016","135.93","135.93","135.93","135.93","-0.01%"
"11/21/2016","135.95","135.95","135.95","135.95","-0.01%"
"11/18/2016","135.96","135.96","135.96","135.96","0.02%"
"11/17/2016","135.93","135.94","135.94","135.93","-0.01%"
"11/16/2016","135.94","135.94","135.94","135.94","-0.04%"
"11/15/2016","136.00","136.00","136.00","136.00","0.04%"
"11/14/2016","135.94","135.94","135.94","135.94","0.00%"
"11/11/2016","135.94","135.94","135.94","135.94","0.02%"
"11/10/2016","135.91","135.91","135.91","135.91","-0.04%"
"11/09/2016","135.97","135.97","135.97","135.97","0.01%"
"11/08/2016","135.96","135.96","135.96","135.96","0.02%"
"11/07/2016","135.93","135.93","135.93","135.93","0.00%"
"11/02/2016","135.93","135.93","135.93","135.93","0.01%"
"11/01/2016","135.91","135.91","135.91","135.91","-0.01%"
"10/31/2016","135.92","135.92","135.92","135.92","-0.01%"
"10/28/2016","135.93","135.93","135.93","135.93","0.00%"
"10/27/2016","135.93","135.93","135.93","135.93","0.01%"
"10/26/2016","135.91","135.91","135.91","135.91","0.00%"
"10/24/2016","135.91","135.91","135.91","135.91","-0.01%"
"10/21/2016","135.93","135.93","135.93","135.93","0.01%"
"10/20/2016","135.91","135.91","135.91","135.91","0.01%"
"10/19/2016","135.90","135.90","135.90","135.90","0.00%"
"10/18/2016","135.90","135.90","135.90","135.90","-0.01%"
"10/17/2016","135.91","135.91","135.91","135.91","0.01%"
"10/14/2016","135.89","135.89","135.89","135.89","-0.03%"
"10/11/2016","135.93","135.93","135.93","135.93","0.02%"
"10/10/2016","135.90","135.90","135.90","135.90","0.01%"
"10/07/2016","135.88","135.88","135.88","135.88","-0.02%"
"10/06/2016","135.91","135.91","135.91","135.91","0.00%"
"10/05/2016","135.91","135.91","135.91","135.91","0.01%"
"10/04/2016","135.89","135.89","135.89","135.89","0.01%"
"10/03/2016","135.88","135.87","135.88","135.87","0.01%"
"09/30/2016","135.87","135.87","135.87","135.87","-0.01%"
"09/29/2016","135.88","135.88","135.88","135.88","0.02%"
"09/27/2016","135.85","135.85","135.85","135.85","-0.01%"
"09/26/2016","135.86","135.88","135.88","135.86","0.00%"
"09/23/2016","135.86","135.86","135.86","135.86","-0.01%"
"09/22/2016","135.87","135.87","135.87","135.87","-0.01%"
"09/21/2016","135.88","135.88","135.88","135.88","-0.01%"
"09/20/2016","135.90","135.90","135.90","135.90","1.22%"
"09/19/2016","134.26","134.26","134.26","134.26","0.01%"
"09/16/2016","134.24","134.24","134.24","134.24","-0.01%"
"09/15/2016","134.25","134.23","134.25","134.23","0.01%"
"09/14/2016","134.24","134.27","134.27","134.24","0.00%"
"09/13/2016","134.24","134.25","134.25","134.24","-0.01%"
"09/12/2016","134.25","134.25","134.25","134.25","0.00%"
"09/09/2016","134.25","134.25","134.25","134.25","0.00%"
"09/08/2016","134.25","134.25","134.25","134.25","0.01%"
"09/07/2016","134.24","134.24","134.24","134.24","0.01%"
"09/05/2016","134.23","134.23","134.23","134.23","-0.01%"
"09/02/2016","134.25","134.25","134.25","134.25","0.00%"
"09/01/2016","134.25","134.25","134.25","134.25","0.00%"
"08/31/2016","134.25","134.25","134.25","134.25","0.00%"
"08/30/2016","134.25","134.25","134.25","134.25","0.01%"
"08/29/2016","134.24","134.24","134.24","134.24","0.01%"
"08/26/2016","134.23","134.23","134.23","134.23","0.00%"
"08/25/2016","134.23","134.23","134.23","134.23","0.00%"
"08/24/2016","134.23","134.23","134.23","134.23","0.00%"
"08/23/2016","134.23","134.23","134.23","134.23","-0.01%"
"08/22/2016","134.24","134.24","134.24","134.24","0.00%"
"08/19/2016","134.24","134.24","134.24","134.24","-11.93%"
"08/17/2016","152.43","152.43","152.43","152.43","0.00%"
"08/16/2016","152.43","152.43","152.43","152.43","0.00%"
"08/15/2016","152.43","152.43","152.43","152.43","0.03%"
"08/12/2016","152.39","152.39","152.39","152.39","0.01%"
"08/11/2016","152.38","152.38","152.38","152.38","-0.01%"
"08/10/2016","152.39","152.39","152.39","152.39","0.00%"
"08/09/2016","152.39","152.39","152.39","152.39","0.00%"
"08/08/2016","152.39","152.39","152.39","152.39","-0.01%"
"08/05/2016","152.40","152.40","152.40","152.40","-0.01%"
"08/04/2016","152.41","152.41","152.41","152.41","-0.01%"
"08/02/2016","152.43","152.43","152.43","152.43","0.00%"
"08/01/2016","152.43","152.43","152.43","152.43","0.01%"
"07/29/2016","152.42","152.42","152.42","152.42","0.00%"
"07/28/2016","152.42","152.42","152.42","152.42","0.00%"
"07/27/2016","152.42","152.41","152.42","152.41","-0.01%"
"07/26/2016","152.43","152.43","152.43","152.43","0.00%"
"07/25/2016","152.43","152.43","152.43","152.43","-0.02%"
"07/22/2016","152.46","152.47","152.47","152.46","-0.01%"
"07/21/2016","152.47","152.47","152.47","152.47","0.00%"
"07/20/2016","152.47","152.47","152.47","152.47","-0.01%"
"07/19/2016","152.49","152.49","152.49","152.49","0.00%"
"07/18/2016","152.49","152.49","152.49","152.49","0.01%"
"07/15/2016","152.47","152.47","152.47","152.47","0.00%"
"07/14/2016","152.47","152.48","152.48","152.47","-0.01%"
"07/13/2016","152.48","152.48","152.48","152.48","0.01%"
"07/12/2016","152.47","152.47","152.47","152.47","-0.01%"
"07/11/2016","152.48","152.48","152.48","152.48","0.00%"
"07/08/2016","152.48","152.48","152.48","152.48","0.01%"
"07/07/2016","152.47","152.47","152.47","152.47","-0.01%"
"07/06/2016","152.48","152.48","152.48","152.48","0.00%"
"07/05/2016","152.48","152.48","152.48","152.48","0.00%"
"07/04/2016","152.48","152.48","152.48","152.48","0.01%"
"07/01/2016","152.46","152.46","152.46","152.46","0.01%"
"06/30/2016","152.45","152.45","152.45","152.45","0.00%"
"06/29/2016","152.45","152.45","152.45","152.45","0.00%"
"06/28/2016","152.45","152.45","152.45","152.45","-0.01%"
"06/27/2016","152.46","152.46","152.46","152.46","-0.02%"
"06/24/2016","152.49","152.49","152.49","152.49","-0.01%"
"06/23/2016","152.50","152.50","152.50","152.50","0.01%"
"06/22/2016","152.48","152.48","152.48","152.48","0.00%"
"06/21/2016","152.48","152.48","152.48","152.48","-0.01%"
"06/20/2016","152.50","152.50","152.50","152.50","0.00%"
"06/17/2016","152.50","152.50","152.50","152.50","0.02%"
"06/16/2016","152.47","152.47","152.47","152.47","-0.01%"
"06/15/2016","152.49","152.49","152.49","152.49","0.01%"
"06/14/2016","152.48","152.48","152.48","152.48","-0.01%"
"06/13/2016","152.49","152.49","152.49","152.49","0.00%"
"06/10/2016","152.49","152.48","152.49","152.48","0.01%"
"06/09/2016","152.48","152.48","152.48","152.48","0.01%"
"06/08/2016","152.47","152.47","152.47","152.47","-0.01%"
"06/07/2016","152.48","152.48","152.48","152.48","0.00%"
"06/06/2016","152.48","152.48","152.48","152.48","-0.01%"
"06/03/2016","152.50","152.50","152.50","152.50","0.01%"
"06/02/2016","152.48","152.48","152.48","152.48","0.01%"
"06/01/2016","152.47","152.47","152.47","152.47","0.00%"
"05/30/2016","152.47","152.47","152.47","152.47","-0.02%"
"05/27/2016","152.50","152.50","152.50","152.50","0.01%"
"05/26/2016","152.49","152.49","152.49","152.49","0.00%"
"05/25/2016","152.49","152.49","152.49","152.49","0.00%"
"05/24/2016","152.49","152.49","152.49","152.49","0.00%"
"05/23/2016","152.49","152.49","152.49","152.49","0.00%"
"05/20/2016","152.49","152.49","152.49","152.49","0.02%"
"05/19/2016","152.46","152.46","152.46","152.46","0.00%"
"05/18/2016","152.46","152.45","152.46","152.45","0.01%"
"05/17/2016","152.45","152.45","152.45","152.45","0.00%"
"05/16/2016","152.45","152.45","152.45","152.45","0.00%"
"05/13/2016","152.45","152.45","152.45","152.45","0.01%"
"05/12/2016","152.44","152.44","152.44","152.44","-0.01%"
"05/11/2016","152.45","152.45","152.45","152.45","0.01%"
"05/10/2016","152.44","152.44","152.44","152.44","-0.01%"
"05/09/2016","152.46","152.46","152.46","152.46","0.00%"
"05/06/2016","152.46","152.46","152.46","152.46","0.01%"
"05/05/2016","152.44","152.44","152.44","152.44","-0.01%"
"05/04/2016","152.45","152.45","152.45","152.45","0.01%"
"05/03/2016","152.44","152.44","152.44","152.44","0.00%"
"05/02/2016","152.44","152.44","152.44","152.44","0.00%"
"04/29/2016","152.44","152.43","152.44","152.43","0.01%"
"04/28/2016","152.43","152.43","152.43","152.43","-0.01%"
"04/27/2016","152.44","152.44","152.44","152.44","0.01%"
"04/26/2016","152.43","152.43","152.43","152.43","-0.01%"
"04/25/2016","152.44","152.44","152.44","152.44","0.00%"
"04/22/2016","152.44","152.44","152.44","152.44","0.01%"
"04/21/2016","152.42","152.42","152.42","152.42","0.00%"
"04/20/2016","152.42","152.42","152.42","152.42","0.00%"
"04/19/2016","152.42","152.42","152.42","152.42","0.03%"
"04/18/2016","152.37","152.37","152.37","152.37","-0.03%"
"04/15/2016","152.41","152.42","152.42","152.41","-0.01%"
"04/14/2016","152.42","152.42","152.42","152.42","0.00%"
"04/13/2016","152.42","152.42","152.42","152.42","-0.01%"
"04/12/2016","152.43","152.43","152.43","152.43","0.00%"
"04/11/2016","152.43","152.43","152.43","152.43","0.00%"
"04/08/2016","152.43","152.43","152.43","152.43","-0.01%"
"04/07/2016","152.44","152.44","152.44","152.44","0.01%"
"04/06/2016","152.43","152.43","152.43","152.43","0.00%"
"04/05/2016","152.43","152.43","152.43","152.43","0.01%"
"04/04/2016","152.41","152.43","152.43","152.41","-0.01%"
"04/01/2016","152.43","152.43","152.43","152.43","0.01%"
"03/31/2016","152.42","152.42","152.42","152.42","0.01%"
"03/30/2016","152.41","152.41","152.41","152.41","0.00%"
"03/29/2016","152.41","152.41","152.41","152.41","0.00%"
"03/28/2016","152.41","152.41","152.41","152.41","-0.01%"
"03/25/2016","152.42","152.42","152.42","152.42","0.00%"
"03/24/2016","152.42","152.42","152.42","152.42","0.00%"
"03/23/2016","152.42","152.42","152.42","152.42","0.00%"
"03/22/2016","152.42","152.42","152.42","152.42","0.00%"
"03/21/2016","152.42","152.42","152.42","152.42","1.21%"
"03/18/2016","150.60","150.62","150.62","150.60","-0.01%"
"03/17/2016","150.61","150.61","150.61","150.61","0.00%"
"03/16/2016","150.61","150.61","150.61","150.61","0.00%"
"03/15/2016","150.61","150.61","150.61","150.61","0.00%"
"03/14/2016","150.61","150.61","150.61","150.61","-0.01%"
"03/11/2016","150.62","150.62","150.62","150.62","0.01%"
"03/10/2016","150.61","150.61","150.61","150.61","0.00%"
"03/09/2016","150.61","150.61","150.61","150.61","0.00%"
"03/08/2016","150.61","150.61","150.61","150.61","0.00%"
"03/07/2016","150.61","150.61","150.61","150.61","0.00%"
"03/04/2016","150.61","150.61","150.61","150.61","0.01%"
"03/03/2016","150.60","150.60","150.60","150.60","0.00%"
"03/02/2016","150.60","150.60","150.60","150.60","0.01%"
"03/01/2016","150.59","150.59","150.59","150.59","0.00%"
"02/29/2016","150.59","150.59","150.59","150.59","0.01%"
"02/26/2016","150.58","150.58","150.58","150.58","0.00%"
"02/25/2016","150.58","150.58","150.58","150.58","0.01%"
"02/24/2016","150.57","150.57","150.57","150.57","0.00%"
"02/23/2016","150.57","150.57","150.57","150.57","0.00%"
"02/22/2016","150.57","150.57","150.57","150.57","-0.01%"
"02/19/2016","150.58","150.58","150.58","150.58","0.01%"
"02/18/2016","150.56","150.56","150.56","150.56","0.00%"
"02/17/2016","150.56","150.56","150.56","150.56","-0.01%"
"02/16/2016","150.57","150.57","150.57","150.57","0.00%"
"02/15/2016","150.57","150.57","150.57","150.57","0.00%"
"02/12/2016","150.57","150.57","150.57","150.57","0.01%"
"02/11/2016","150.56","150.56","150.56","150.56","0.00%"
"02/10/2016","150.56","150.56","150.56","150.56","-0.03%"
"02/08/2016","150.60","150.60","150.60","150.60","-0.01%"
"02/05/2016","150.61","150.61","150.61","150.61","0.00%"
"02/04/2016","150.61","150.61","150.61","150.61","-0.01%"
"02/03/2016","150.62","150.62","150.62","150.62","0.01%"
"02/02/2016","150.60","150.60","150.60","150.60","0.00%"
"02/01/2016","150.60","150.60","150.60","150.60","0.01%"
"01/29/2016","150.59","150.59","150.59","150.59","0.01%"
"01/28/2016","150.58","150.58","150.58","150.58","0.00%"
"01/26/2016","150.58","150.58","150.58","150.58","0.00%"
"01/25/2016","150.58","150.58","150.58","150.58","0.01%"
"01/22/2016","150.57","150.57","150.57","150.57","-0.01%"
"01/21/2016","150.58","150.58","150.58","150.58","0.00%"
"01/20/2016","150.58","150.58","150.58","150.58","0.00%"
"01/19/2016","150.58","150.58","150.58","150.58","0.00%"
"01/18/2016","150.58","150.58","150.58","150.58","-0.01%"
"01/15/2016","150.59","150.59","150.59","150.59","0.02%"
"01/14/2016","150.56","150.56","150.56","150.56","-0.01%"
"01/13/2016","150.57","150.57","150.57","150.57","-0.01%"
"01/12/2016","150.59","150.59","150.59","150.59","0.00%"
"01/11/2016","150.59","150.59","150.59","150.59","0.01%"
"01/08/2016","150.58","150.58","150.58","150.58","0.03%"
"01/07/2016","150.53","150.55","150.55","150.53","-0.01%"
"01/06/2016","150.54","150.55","150.55","150.54","-0.02%"
"01/05/2016","150.57","150.57","150.57","150.57","0.03%"
"01/04/2016","150.53","150.57","150.57","150.53","-0.03%"
"01/01/2016","150.57","150.57","150.57","150.57","0.01%"
"12/31/2015","150.55","150.55","150.55","150.55","-0.01%"
"12/30/2015","150.56","150.55","150.56","150.55","0.01%"
"12/29/2015","150.55","150.55","150.55","150.55","-0.01%"
"12/28/2015","150.56","150.56","150.56","150.56","0.01%"
"12/25/2015","150.55","150.55","150.55","150.55","-0.01%"
"12/24/2015","150.56","150.56","150.56","150.56","0.01%"
"12/23/2015","150.55","150.55","150.55","150.55","-0.01%"
"12/21/2015","150.56","150.56","150.56","150.56","0.00%"
"12/18/2015","150.56","150.56","150.56","150.56","0.01%"
"12/17/2015","150.54","150.54","150.54","150.54","-0.01%"
"12/16/2015","150.55","150.55","150.55","150.55","-0.01%"
"12/15/2015","150.57","150.57","150.57","150.57","0.00%"
"12/14/2015","150.57","150.57","150.57","150.57","-0.01%"
"12/11/2015","150.58","150.58","150.58","150.58","-0.01%"
"12/10/2015","150.59","150.59","150.59","150.59","0.01%"
"12/09/2015","150.58","150.60","150.60","150.58","-0.01%"
"12/08/2015","150.60","150.60","150.60","150.60","0.00%"
"12/07/2015","150.60","150.60","150.60","150.60","-0.01%"
"12/04/2015","150.61","150.61","150.61","150.61","0.01%"
"12/03/2015","150.60","150.60","150.60","150.60","0.00%"
"12/02/2015","150.60","150.60","150.60","150.60","0.00%"
"12/01/2015","150.60","150.60","150.60","150.60","0.00%"
"11/30/2015","150.60","150.60","150.60","150.60","0.00%"
"11/27/2015","150.60","150.60","150.60","150.60","0.00%"
"11/26/2015","150.60","150.59","150.60","150.59","0.01%"
"11/25/2015","150.59","150.59","150.59","150.59","0.00%"
"11/24/2015","150.59","150.60","150.60","150.59","-0.01%"
"11/23/2015","150.60","150.60","150.60","150.60","0.01%"
"11/20/2015","150.59","150.59","150.59","150.59","0.00%"
"11/19/2015","150.59","150.59","150.59","150.59","0.00%"
"11/18/2015","150.59","150.59","150.59","150.59","0.00%"
"11/17/2015","150.59","150.59","150.59","150.59","0.00%"
"11/16/2015","150.59","150.59","150.59","150.59","0.00%"
"11/13/2015","150.59","150.59","150.59","150.59","0.01%"
"11/12/2015","150.58","150.58","150.58","150.58","0.01%"
"11/11/2015","150.57","150.59","150.59","150.57","-0.01%"
"11/10/2015","150.59","150.59","150.59","150.59","0.00%"
"11/09/2015","150.59","150.59","150.59","150.59","0.00%"
"11/06/2015","150.59","150.59","150.59","150.59","0.01%"
"11/05/2015","150.57","150.57","150.57","150.57","0.00%"
"11/04/2015","150.57","150.57","150.57","150.57","0.01%"
"11/03/2015","150.55","150.57","150.57","150.55","-0.01%"
"11/02/2015","150.57","150.57","150.57","150.57","0.01%"
"10/29/2015","150.55","150.55","150.55","150.55","-0.01%"
"10/28/2015","150.56","150.56","150.56","150.56","0.01%"
"10/27/2015","150.55","150.55","150.55","150.55","0.00%"
"10/26/2015","150.55","150.55","150.55","150.55","0.00%"
"10/23/2015","150.55","150.55","150.55","150.55","0.01%"
"10/22/2015","150.54","150.54","150.54","150.54","0.00%"
"10/21/2015","150.54","150.54","150.54","150.54","0.00%"
"10/20/2015","150.54","150.54","150.54","150.54","0.00%"
"10/19/2015","150.54","150.54","150.54","150.54","-0.01%"
"10/16/2015","150.55","150.55","150.55","150.55","0.00%"
"10/15/2015","150.55","150.55","150.55","150.55","0.01%"
"10/14/2015","150.53","150.53","150.53","150.53","0.00%"
"10/13/2015","150.53","150.53","150.53","150.53","1.16%"
"04/17/2015","148.81","148.81","148.81","148.81","0.01%"
"04/16/2015","148.80","148.80","148.80","148.80","-0.01%"
"04/15/2015","148.81","148.81","148.81","148.81","-0.01%"
"04/14/2015","148.82","148.82","148.82","148.82","0.01%"
"04/13/2015","148.81","148.81","148.81","148.81","-0.01%"
"04/10/2015","148.82","148.82","148.82","148.82","0.01%"
"04/09/2015","148.80","148.80","148.80","148.80","-0.01%"
"04/08/2015","148.82","148.82","148.82","148.82","0.02%"
"04/07/2015","148.79","148.79","148.79","148.79","-0.01%"
"04/06/2015","148.80","148.80","148.80","148.80","0.01%"
"04/03/2015","148.79","148.79","148.79","148.79","-0.02%"
"04/02/2015","148.82","148.82","148.82","148.82","0.03%"
"04/01/2015","148.77","148.77","148.77","148.77","-0.03%"
"03/31/2015","148.81","148.81","148.81","148.81","0.01%"
"03/30/2015","148.79","148.79","148.79","148.79","0.00%"
"03/27/2015","148.79","148.79","148.79","148.79","-0.01%"